date,usd_php_rate,crawled_at,quote_time,note
2016/01/04,47.1200,,,
2016/01/05,46.9100,,,
2016/01/06,47.0250,,,
2016/01/07,47.1100,,,
2016/01/08,47.1700,,,
2016/01/11,47.1700,,,
2016/01/12,47.4400,,,
2016/01/13,47.5200,,,
2016/01/14,47.7800,,,
2016/01/15,47.7400,,,
2016/01/18,47.7500,,,
2016/01/19,47.6000,,,
2016/01/20,47.9500,,,
2016/01/21,47.9000,,,
2016/01/22,47.7250,,,
2016/01/25,47.8800,,,
2016/01/26,47.9950,,,
2016/01/27,47.9200,,,
2016/01/28,47.7700,,,
2016/01/29,47.7400,,,
2016/01/30,47.7400,,,
2016/02/01,47.6900,,,
2016/02/02,47.7900,,,
2016/02/03,47.8900,,,
2016/02/04,47.6800,,,
2016/02/05,47.5100,,,
2016/02/15,47.4500,,,
2016/02/16,47.4900,,,
2016/02/17,47.6200,,,
2016/02/18,47.6100,,,
2016/02/19,47.6650,,,
2016/02/22,47.5700,,,
2016/02/23,47.6350,,,
2016/02/24,47.6400,,,
2016/02/25,47.6370,,,
2016/02/26,47.6370,,,
2016/03/01,47.3620,,,
2016/03/02,47.3620,,,
2016/03/03,47.0800,,,
2016/03/04,46.9300,,,
2016/03/07,46.9100,,,
2016/03/08,46.9140,,,
2016/03/09,46.8600,,,
2016/03/10,46.7000,,,
2016/03/11,46.6200,,,
2016/03/14,46.6150,,,
2016/03/15,46.7800,,,
2016/03/16,46.7750,,,
2016/03/17,46.3800,,,
2016/03/18,46.3300,,,
2016/03/21,46.4000,,,
2016/03/22,46.2950,,,
2016/03/23,46.3600,,,
2016/03/24,46.4050,,,
2016/03/25,46.4050,,,
2016/03/28,46.3500,,,
2016/03/29,46.3700,,,
2016/03/30,46.0300,,,
2016/03/31,46.0300,,,
2016/04/01,46.1000,,,
2016/04/06,46.2000,,,
2016/04/07,46.1000,,,
2016/04/08,46.1400,,,
2016/04/11,46.1300,,,
2016/04/12,46.0600,,,
2016/04/13,46.0900,,,
2016/04/14,46.2300,,,
2016/04/15,46.0600,,,
2016/04/18,46.1500,,,
2016/04/19,46.1530,,,
2016/04/20,46.1600,,,
2016/04/21,46.4400,,,
2016/04/22,46.6500,,,
2016/04/25,46.8500,,,
2016/04/26,46.8300,,,
2016/04/27,46.7600,,,
2016/04/28,46.8400,,,
2016/04/29,46.8400,,,
2016/05/03,46.9400,,,
2016/05/04,47.0800,,,
2016/05/05,47.2600,,,
2016/05/06,47.1700,,,
2016/05/09,47.1700,,,
2016/05/10,46.7200,,,
2016/05/11,46.4900,,,
2016/05/12,46.6100,,,
2016/05/13,46.5900,,,
2016/05/16,46.4500,,,
2016/05/17,46.4300,,,
2016/05/18,46.6700,,,
2016/05/19,46.7900,,,
2016/05/20,46.7800,,,
2016/05/23,46.7900,,,
2016/05/24,46.8800,,,
2016/05/25,46.8000,,,
2016/05/26,46.6800,,,
2016/05/27,46.6600,,,
2016/05/30,46.7300,,,
2016/05/31,46.7300,,,
2016/06/01,46.6200,,,
2016/06/02,46.5800,,,
2016/06/03,46.4600,,,
2016/06/04,46.4600,,,
2016/06/06,46.2500,,,
2016/06/07,46.1000,,,
2016/06/08,46.1200,,,
2016/06/13,46.0800,,,
2016/06/14,46.3200,,,
2016/06/15,46.3400,,,
2016/06/16,46.4300,,,
2016/06/17,46.4500,,,
2016/06/20,46.2600,,,
2016/06/21,46.2900,,,
2016/06/22,46.5700,,,
2016/06/23,46.4900,,,
2016/06/24,46.9500,,,
2016/06/27,47.1500,,,
2016/06/28,47.0100,,,
2016/06/29,47.0200,,,
2016/06/30,47.0200,,,
2016/07/01,46.9400,,,
2016/07/04,46.8600,,,
2016/07/05,47.0700,,,
2016/07/06,47.0700,,,
2016/07/07,47.0500,,,
2016/07/11,47.3100,,,
2016/07/12,47.3700,,,
2016/07/13,47.1800,,,
2016/07/14,47.0500,,,
2016/07/15,46.7400,,,
2016/07/18,46.7200,,,
2016/07/19,46.9200,,,
2016/07/20,47.1200,,,
2016/07/21,47.1300,,,
2016/07/22,47.1000,,,
2016/07/25,47.1600,,,
2016/07/26,47.1600,,,
2016/07/27,47.2100,,,
2016/07/28,47.0900,,,
2016/07/29,47.0900,,,
2016/08/01,46.9300,,,
2016/08/02,47.0200,,,
2016/08/03,47.0300,,,
2016/08/04,47.0500,,,
2016/08/05,47.0600,,,
2016/08/08,46.9100,,,
2016/08/09,46.8800,,,
2016/08/10,46.8810,,,
2016/08/11,46.7900,,,
2016/08/12,46.6900,,,
2016/08/15,46.6300,,,
2016/08/16,46.2300,,,
2016/08/17,46.4500,,,
2016/08/18,46.2800,,,
2016/08/19,46.4200,,,
2016/08/22,46.2800,,,
2016/08/23,46.4800,,,
2016/08/24,46.5100,,,
2016/08/25,46.3600,,,
2016/08/26,46.3630,,,
2016/08/29,46.3630,,,
2016/08/30,46.4500,,,
2016/08/31,46.4500,,,
2016/09/01,46.7500,,,
2016/09/02,46.6900,,,
2016/09/05,46.5000,,,
2016/09/06,46.5900,,,
2016/09/07,46.6800,,,
2016/09/08,46.8300,,,
2016/09/09,47.2100,,,
2016/09/10,47.2100,,,
2016/09/12,47.2100,,,
2016/09/13,47.6300,,,
2016/09/14,47.8400,,,
2016/09/19,47.8800,,,
2016/09/20,47.8000,,,
2016/09/21,47.8700,,,
2016/09/22,47.8100,,,
2016/09/23,47.9900,,,
2016/09/26,48.2500,,,
2016/09/29,48.3100,,,
2016/09/30,48.3100,,,
2016/10/03,48.1600,,,
2016/10/04,48.2600,,,
2016/10/05,48.2800,,,
2016/10/06,48.2800,,,
2016/10/07,48.2500,,,
2016/10/11,48.6900,,,
2016/10/12,48.5800,,,
2016/10/13,48.1800,,,
2016/10/14,48.1500,,,
2016/10/17,48.1800,,,
2016/10/18,48.3900,,,
2016/10/19,48.2800,,,
2016/10/20,48.0800,,,
2016/10/21,48.3000,,,
2016/10/24,48.2600,,,
2016/10/25,48.2400,,,
2016/10/26,48.3500,,,
2016/10/27,48.4900,,,
2016/10/28,48.4900,,,
2016/10/31,48.4900,,,
2016/11/01,48.4900,,,
2016/11/02,48.3500,,,
2016/11/03,48.3700,,,
2016/11/04,48.4500,,,
2016/11/07,48.6400,,,
2016/11/08,48.6700,,,
2016/11/09,48.7100,,,
2016/11/10,48.7200,,,
2016/11/11,49.0400,,,
2016/11/14,49.2000,,,
2016/11/15,49.0700,,,
2016/11/16,49.3700,,,
2016/11/17,49.4950,,,
2016/11/18,49.7400,,,
2016/11/21,49.8200,,,
2016/11/22,49.8900,,,
2016/11/23,49.8600,,,
2016/11/24,49.9400,,,
2016/11/25,49.8000,,,
2016/11/28,49.7700,,,
2016/11/29,49.7900,,,
2016/11/30,49.7900,,,
2016/12/01,49.7000,,,
2016/12/02,49.6100,,,
2016/12/05,49.6500,,,
2016/12/06,49.6470,,,
2016/12/07,49.6730,,,
2016/12/08,49.6880,,,
2016/12/09,49.7600,,,
2016/12/12,49.8800,,,
2016/12/13,49.8000,,,
2016/12/14,49.8020,,,
2016/12/15,49.9600,,,
2016/12/16,49.9300,,,
2016/12/19,50.0300,,,
2016/12/20,50.0330,,,
2016/12/21,49.9500,,,
2016/12/22,49.9700,,,
2016/12/23,49.7100,,,
2016/12/26,49.7100,,,
2016/12/27,49.7640,,,
2016/12/28,49.8000,,,
2016/12/29,49.7300,,,
2016/12/30,49.7300,,,
2017/01/03,49.7600,,,
2017/01/04,49.7100,,,
2017/01/05,49.5200,,,
2017/01/06,49.4700,,,
2017/01/09,49.5900,,,
2017/01/10,49.5000,,,
2017/01/11,49.5800,,,
2017/01/12,49.4800,,,
2017/01/13,49.6900,,,
2017/01/16,50.0200,,,
2017/01/17,49.7300,,,
2017/01/18,49.8400,,,
2017/01/19,49.9700,,,
2017/01/20,49.9800,,,
2017/01/23,49.9500,,,
2017/01/24,49.8200,,,
2017/01/25,49.8300,,,
2017/01/26,49.8300,,,
2017/02/02,49.6800,,,
2017/02/03,49.8000,,,
2017/02/06,49.5500,,,
2017/02/07,49.7700,,,
2017/02/08,49.8700,,,
2017/02/09,49.9100,,,
2017/02/10,49.9200,,,
2017/02/13,49.9300,,,
2017/02/14,49.9400,,,
2017/02/15,49.9500,,,
2017/02/16,49.9500,,,
2017/02/17,50.0500,,,
2017/02/18,50.0500,,,
2017/02/20,50.3500,,,
2017/02/21,50.3000,,,
2017/02/22,50.2500,,,
2017/02/23,50.2100,,,
2017/02/24,50.2100,,,
2017/03/01,50.3000,,,
2017/03/02,50.3700,,,
2017/03/03,50.3800,,,
2017/03/06,50.3100,,,
2017/03/07,50.3200,,,
2017/03/08,50.3500,,,
2017/03/09,50.3800,,,
2017/03/10,50.2700,,,
2017/03/13,50.3200,,,
2017/03/14,50.3400,,,
2017/03/15,50.3300,,,
2017/03/16,50.1800,,,
2017/03/17,50.1700,,,
2017/03/20,50.1300,,,
2017/03/21,50.1600,,,
2017/03/22,50.3300,,,
2017/03/23,50.4200,,,
2017/03/24,50.2500,,,
2017/03/27,50.0900,,,
2017/03/28,50.1400,,,
2017/03/29,50.1500,,,
2017/03/30,50.1600,,,
2017/03/31,50.1600,,,
2017/04/05,50.1700,,,
2017/04/06,50.1600,,,
2017/04/07,49.8900,,,
2017/04/10,49.6300,,,
2017/04/11,49.5900,,,
2017/04/12,49.4800,,,
2017/04/13,49.4800,,,
2017/04/14,49.4800,,,
2017/04/17,49.5800,,,
2017/04/18,49.6600,,,
2017/04/19,49.7700,,,
2017/04/20,49.7800,,,
2017/04/21,49.7900,,,
2017/04/24,49.7800,,,
2017/04/25,49.7000,,,
2017/04/26,49.7400,,,
2017/04/27,50.1300,,,
2017/04/28,50.1300,,,
2017/05/02,50.0300,,,
2017/05/03,49.9800,,,
2017/05/04,49.8800,,,
2017/05/05,49.9400,,,
2017/05/08,49.8800,,,
2017/05/09,49.9500,,,
2017/05/10,49.9600,,,
2017/05/11,49.8700,,,
2017/05/12,49.7600,,,
2017/05/15,49.6800,,,
2017/05/16,49.7200,,,
2017/05/17,49.7800,,,
2017/05/18,49.8500,,,
2017/05/19,49.8100,,,
2017/05/22,49.7500,,,
2017/05/23,49.8200,,,
2017/05/24,49.9500,,,
2017/05/25,49.8500,,,
2017/05/26,49.7700,,,
2017/05/31,49.7800,,,
2017/06/01,49.7400,,,
2017/06/02,49.5100,,,
2017/06/03,49.5100,,,
2017/06/05,49.4000,,,
2017/06/06,49.5200,,,
2017/06/07,49.4900,,,
2017/06/08,49.5200,,,
2017/06/09,49.5200,,,
2017/06/12,49.5200,,,
2017/06/13,49.5500,,,
2017/06/14,49.5000,,,
2017/06/15,49.7200,,,
2017/06/16,49.9300,,,
2017/06/19,49.9320,,,
2017/06/20,50.1500,,,
2017/06/21,50.3700,,,
2017/06/22,50.3670,,,
2017/06/23,50.2800,,,
2017/06/26,50.2800,,,
2017/06/27,50.2600,,,
2017/06/28,50.5500,,,
2017/06/29,50.5400,,,
2017/06/30,50.5400,,,
2017/07/03,50.6500,,,
2017/07/04,50.4900,,,
2017/07/05,50.6500,,,
2017/07/06,50.7100,,,
2017/07/07,50.6300,,,
2017/07/10,50.8200,,,
2017/07/11,50.7500,,,
2017/07/12,50.6300,,,
2017/07/13,50.5400,,,
2017/07/14,50.5900,,,
2017/07/17,50.6700,,,
2017/07/18,50.7100,,,
2017/07/19,50.8400,,,
2017/07/20,50.8600,,,
2017/07/21,50.7200,,,
2017/07/24,50.6700,,,
2017/07/25,50.5600,,,
2017/07/26,50.6500,,,
2017/07/27,50.5300,,,
2017/07/28,50.5400,,,
2017/07/31,50.5400,,,
2017/08/01,50.4100,,,
2017/08/02,50.3700,,,
2017/08/03,50.2700,,,
2017/08/04,50.2400,,,
2017/08/07,50.4400,,,
2017/08/08,50.5300,,,
2017/08/09,50.6500,,,
2017/08/10,50.7700,,,
2017/08/11,51.0100,,,
2017/08/14,51.2300,,,
2017/08/15,51.4100,,,
2017/08/16,51.3800,,,
2017/08/17,51.2900,,,
2017/08/18,51.4500,,,
2017/08/21,51.4500,,,
2017/08/22,51.2300,,,
2017/08/23,51.2100,,,
2017/08/24,51.0300,,,
2017/08/25,51.1500,,,
2017/08/28,51.1500,,,
2017/08/29,50.9900,,,
2017/08/30,51.1500,,,
2017/08/31,51.1500,,,
2017/09/01,51.1500,,,
2017/09/04,51.1850,,,
2017/09/05,51.1200,,,
2017/09/06,50.8600,,,
2017/09/07,50.8600,,,
2017/09/08,50.8200,,,
2017/09/11,50.8600,,,
2017/09/12,50.9200,,,
2017/09/13,50.9800,,,
2017/09/14,51.1500,,,
2017/09/15,51.2500,,,
2017/09/18,51.1000,,,
2017/09/19,50.9960,,,
2017/09/20,50.9900,,,
2017/09/21,51.0600,,,
2017/09/22,50.6600,,,
2017/09/25,50.6800,,,
2017/09/26,50.9100,,,
2017/09/27,51.0200,,,
2017/09/28,50.9300,,,
2017/09/29,50.8700,,,
2017/09/30,50.8700,,,
2017/10/02,51.0800,,,
2017/10/03,51.1100,,,
2017/10/05,50.9900,,,
2017/10/06,51.4700,,,
2017/10/11,51.4600,,,
2017/10/12,51.4000,,,
2017/10/13,51.4100,,,
2017/10/16,51.2500,,,
2017/10/17,51.3100,,,
2017/10/18,51.4400,,,
2017/10/19,51.4800,,,
2017/10/20,51.4800,,,
2017/10/23,51.5200,,,
2017/10/24,51.6600,,,
2017/10/25,51.8100,,,
2017/10/26,51.8000,,,
2017/10/27,51.7600,,,
2017/10/30,51.6200,,,
2017/10/31,51.6200,,,
2017/11/01,51.5500,,,
2017/11/02,51.4100,,,
2017/11/03,51.1800,,,
2017/11/06,51.2200,,,
2017/11/07,51.4200,,,
2017/11/08,51.3300,,,
2017/11/09,51.2700,,,
2017/11/10,51.2500,,,
2017/11/13,51.1800,,,
2017/11/14,51.2400,,,
2017/11/15,50.9600,,,
2017/11/16,50.7600,,,
2017/11/17,50.9500,,,
2017/11/20,50.7300,,,
2017/11/21,50.7200,,,
2017/11/22,50.6100,,,
2017/11/23,50.6200,,,
2017/11/24,50.6800,,,
2017/11/27,50.3400,,,
2017/11/28,50.3300,,,
2017/11/29,50.2300,,,
2017/11/30,50.2300,,,
2017/12/01,50.2800,,,
2017/12/04,50.6600,,,
2017/12/05,50.6500,,,
2017/12/06,50.7300,,,
2017/12/07,50.6500,,,
2017/12/08,50.5600,,,
2017/12/11,50.3500,,,
2017/12/12,50.4600,,,
2017/12/13,50.4470,,,
2017/12/14,50.4800,,,
2017/12/15,50.4500,,,
2017/12/18,50.4500,,,
2017/12/19,50.3400,,,
2017/12/20,50.2500,,,
2017/12/21,50.2000,,,
2017/12/22,50.1300,,,
2017/12/25,50.1300,,,
2017/12/26,50.0100,,,
2017/12/27,49.9800,,,
2017/12/28,49.9100,,,
2017/12/29,49.9100,,,
2018/01/02,49.9100,,,
2018/01/03,49.7900,,,
2018/01/04,49.8500,,,
2018/01/05,49.8800,,,
2018/01/08,50.1900,,,
2018/01/09,50.3200,,,
2018/01/10,50.3800,,,
2018/01/11,50.3700,,,
2018/01/12,50.3600,,,
2018/01/15,50.3400,,,
2018/01/16,50.4950,,,
2018/01/17,50.7700,,,
2018/01/18,50.7800,,,
2018/01/19,50.7300,,,
2018/01/22,50.8700,,,
2018/01/23,51.1200,,,
2018/01/24,50.8300,,,
2018/01/25,50.9000,,,
2018/01/26,50.9200,,,
2018/01/29,51.0200,,,
2018/01/30,51.4100,,,
2018/01/31,51.3210,,,
2018/02/01,51.5800,,,
2018/02/02,51.6590,,,
2018/02/05,51.4900,,,
2018/02/06,51.4300,,,
2018/02/07,51.1300,,,
2018/02/08,51.5500,,,
2018/02/09,51.5000,,,
2018/02/12,51.9260,,,
2018/02/13,52.0780,,,
2018/02/14,52.0600,,,
2018/02/21,52.0910,,,
2018/02/22,52.1300,,,
2018/02/23,51.8400,,,
2018/02/26,51.9300,,,
2018/02/27,51.9300,,,
2018/03/01,51.9300,,,
2018/03/02,51.9000,,,
2018/03/05,51.9500,,,
2018/03/06,52.0280,,,
2018/03/07,52.0000,,,
2018/03/08,52.1360,,,
2018/03/09,52.0600,,,
2018/03/12,52.0000,,,
2018/03/13,52.0400,,,
2018/03/14,52.0680,,,
2018/03/15,51.9000,,,
2018/03/16,52.0150,,,
2018/03/19,52.0290,,,
2018/03/20,52.0770,,,
2018/03/21,52.1200,,,
2018/03/22,52.3200,,,
2018/03/23,52.3450,,,
2018/03/26,52.2250,,,
2018/03/27,52.4150,,,
2018/03/28,52.3460,,,
2018/03/29,52.2670,,,
2018/03/30,52.1990,,,
2018/03/31,52.1990,,,
2018/04/02,52.0400,,,
2018/04/03,52.0540,,,
2018/04/09,52.0570,,,
2018/04/10,51.9710,,,
2018/04/11,51.9290,,,
2018/04/12,52.0580,,,
2018/04/13,51.9930,,,
2018/04/16,52.0700,,,
2018/04/17,52.1180,,,
2018/04/18,52.1050,,,
2018/04/19,52.0800,,,
2018/04/20,52.1140,,,
2018/04/23,52.3640,,,
2018/04/24,52.2770,,,
2018/04/25,52.3240,,,
2018/04/26,52.1100,,,
2018/04/27,51.9090,,,
2018/04/30,51.9090,,,
2018/05/02,51.8900,,,
2018/05/03,51.6800,,,
2018/05/04,51.7100,,,
2018/05/07,51.9000,,,
2018/05/08,51.8960,,,
2018/05/09,51.9300,,,
2018/05/10,51.9600,,,
2018/05/11,52.3100,,,
2018/05/14,52.3900,,,
2018/05/15,52.4500,,,
2018/05/16,52.3100,,,
2018/05/17,52.2900,,,
2018/05/18,52.3100,,,
2018/05/21,52.4200,,,
2018/05/22,52.2800,,,
2018/05/23,52.4400,,,
2018/05/24,52.5600,,,
2018/05/25,52.5900,,,
2018/05/28,52.4600,,,
2018/05/29,52.6900,,,
2018/05/30,52.6400,,,
2018/05/31,52.6400,,,
2018/06/01,52.5700,,,
2018/06/04,52.5900,,,
2018/06/05,52.4300,,,
2018/06/06,52.4600,,,
2018/06/07,52.5100,,,
2018/06/08,52.8400,,,
2018/06/11,53.0400,,,
2018/06/12,53.0900,,,
2018/06/13,53.2600,,,
2018/06/14,53.3000,,,
2018/06/15,53.3500,,,
2018/06/19,53.4000,,,
2018/06/20,53.4500,,,
2018/06/21,53.4700,,,
2018/06/22,53.2900,,,
2018/06/25,53.4500,,,
2018/06/26,53.6100,,,
2018/06/27,53.5400,,,
2018/06/28,53.5100,,,
2018/06/29,53.5100,,,
2018/07/02,53.3900,,,
2018/07/03,53.4100,,,
2018/07/04,53.4000,,,
2018/07/05,53.4300,,,
2018/07/06,53.3400,,,
2018/07/09,53.4000,,,
2018/07/10,53.5300,,,
2018/07/11,53.6100,,,
2018/07/12,53.5200,,,
2018/07/13,53.5500,,,
2018/07/16,53.4600,,,
2018/07/17,53.3400,,,
2018/07/18,53.4900,,,
2018/07/19,53.5900,,,
2018/07/20,53.4300,,,
2018/07/23,53.4860,,,
2018/07/24,53.3900,,,
2018/07/25,53.2900,,,
2018/07/26,53.4000,,,
2018/07/27,53.3300,,,
2018/07/30,53.1900,,,
2018/07/31,53.1900,,,
2018/08/01,53.0200,,,
2018/08/02,53.1000,,,
2018/08/03,53.1300,,,
2018/08/06,52.9000,,,
2018/08/07,52.9600,,,
2018/08/08,53.1000,,,
2018/08/09,53.0300,,,
2018/08/10,53.1600,,,
2018/08/13,53.3000,,,
2018/08/14,53.4900,,,
2018/08/15,53.5400,,,
2018/08/16,53.4600,,,
2018/08/17,53.3400,,,
2018/08/20,53.3400,,,
2018/08/21,53.3200,,,
2018/08/22,53.4900,,,
2018/08/23,53.4700,,,
2018/08/24,53.4300,,,
2018/08/27,53.4300,,,
2018/08/28,53.2900,,,
2018/08/29,53.4600,,,
2018/08/30,53.5200,,,
2018/08/31,53.5200,,,
2018/09/03,53.4900,,,
2018/09/04,53.6000,,,
2018/09/05,53.6900,,,
2018/09/06,53.8600,,,
2018/09/07,53.7200,,,
2018/09/10,53.8700,,,
2018/09/11,53.9600,,,
2018/09/12,54.0600,,,
2018/09/13,54.0600,,,
2018/09/14,53.9500,,,
2018/09/17,54.1800,,,
2018/09/18,54.0900,,,
2018/09/19,54.0500,,,
2018/09/20,54.1100,,,
2018/09/21,54.2200,,,
2018/09/25,54.3500,,,
2018/09/26,54.2900,,,
2018/09/27,54.1500,,,
2018/09/28,54.1500,,,
2018/10/01,54.1600,,,
2018/10/02,54.3200,,,
2018/10/03,54.2800,,,
2018/10/04,54.3400,,,
2018/10/05,54.2600,,,
2018/10/08,54.2200,,,
2018/10/09,54.1900,,,
2018/10/11,54.1800,,,
2018/10/12,54.0700,,,
2018/10/15,54.1200,,,
2018/10/16,53.9100,,,
2018/10/17,53.8900,,,
2018/10/18,53.9200,,,
2018/10/19,53.6700,,,
2018/10/22,53.7600,,,
2018/10/23,53.8000,,,
2018/10/24,53.7400,,,
2018/10/25,53.7500,,,
2018/10/26,53.5600,,,
2018/10/29,53.6100,,,
2018/10/30,53.5800,,,
2018/10/31,53.5800,,,
2018/11/01,53.4300,,,
2018/11/02,53.4300,,,
2018/11/05,53.2600,,,
2018/11/06,52.9700,,,
2018/11/07,52.8600,,,
2018/11/08,52.7300,,,
2018/11/09,53.0400,,,
2018/11/12,53.2100,,,
2018/11/13,53.0900,,,
2018/11/14,53.1500,,,
2018/11/15,52.7500,,,
2018/11/16,52.7100,,,
2018/11/19,52.5200,,,
2018/11/20,52.4600,,,
2018/11/21,52.3200,,,
2018/11/22,52.3600,,,
2018/11/23,52.4900,,,
2018/11/26,52.3700,,,
2018/11/27,52.5300,,,
2018/11/28,52.5300,,,
2018/11/29,52.4200,,,
2018/11/30,52.4200,,,
2018/12/03,52.3000,,,
2018/12/04,52.5600,,,
2018/12/05,52.7400,,,
2018/12/06,52.8000,,,
2018/12/07,52.7400,,,
2018/12/10,52.8000,,,
2018/12/11,52.8100,,,
2018/12/12,52.7000,,,
2018/12/13,52.6800,,,
2018/12/14,53.1100,,,
2018/12/17,53.0500,,,
2018/12/18,53.0500,,,
2018/12/19,53.0800,,,
2018/12/20,53.1500,,,
2018/12/21,52.9700,,,
2018/12/22,52.9700,,,
2018/12/24,52.9700,,,
2018/12/25,52.9700,,,
2018/12/26,52.9700,,,
2018/12/27,52.7000,,,
2018/12/28,52.7000,,,
2019/01/02,52.5400,,,
2019/01/03,52.5700,,,
2019/01/04,52.4900,,,
2019/01/07,52.4800,,,
2019/01/08,52.4600,,,
2019/01/09,52.3600,,,
2019/01/10,52.1800,,,
2019/01/11,52.0400,,,
2019/01/14,52.2000,,,
2019/01/15,52.0300,,,
2019/01/16,52.2300,,,
2019/01/17,52.4100,,,
2019/01/18,52.5600,,,
2019/01/19,52.5600,,,
2019/01/21,52.8100,,,
2019/01/22,52.9100,,,
2019/01/23,52.7200,,,
2019/01/24,52.8700,,,
2019/01/25,52.5700,,,
2019/01/28,52.5500,,,
2019/01/29,52.4800,,,
2019/01/30,52.3400,,,
2019/01/31,52.3400,,,
2019/02/01,52.0700,,,
2019/02/11,52.1600,,,
2019/02/12,52.1100,,,
2019/02/13,52.1000,,,
2019/02/14,52.4500,,,
2019/02/15,52.3800,,,
2019/02/18,52.3300,,,
2019/02/19,52.2400,,,
2019/02/20,52.0300,,,
2019/02/21,52.1700,,,
2019/02/22,52.1100,,,
2019/02/23,52.1100,,,
2019/02/25,52.1100,,,
2019/02/26,52.0300,,,
2019/02/27,52.0300,,,
2019/03/04,51.8000,,,
2019/03/05,52.1900,,,
2019/03/06,52.2200,,,
2019/03/07,52.2300,,,
2019/03/08,52.2600,,,
2019/03/11,52.2400,,,
2019/03/12,52.8200,,,
2019/03/13,52.7500,,,
2019/03/14,52.6500,,,
2019/03/15,52.6700,,,
2019/03/18,52.7000,,,
2019/03/19,52.9000,,,
2019/03/20,52.8100,,,
2019/03/21,52.7100,,,
2019/03/22,52.4500,,,
2019/03/25,52.4800,,,
2019/03/26,52.5400,,,
2019/03/27,52.5900,,,
2019/03/28,52.8100,,,
2019/03/29,52.8100,,,
2019/04/01,52.5100,,,
2019/04/02,52.5200,,,
2019/04/03,52.3800,,,
2019/04/08,52.1500,,,
2019/04/09,52.1000,,,
2019/04/10,52.0600,,,
2019/04/11,51.8300,,,
2019/04/12,52.0200,,,
2019/04/15,51.7000,,,
2019/04/16,51.7200,,,
2019/04/17,51.8000,,,
2019/04/18,51.7000,,,
2019/04/19,51.7900,,,
2019/04/22,51.8450,,,
2019/04/23,52.0000,,,
2019/04/24,52.1300,,,
2019/04/25,52.3700,,,
2019/04/26,52.0900,,,
2019/04/29,52.0900,,,
2019/04/30,52.1350,,,
2019/05/02,51.7400,,,
2019/05/03,51.9500,,,
2019/05/06,51.9800,,,
2019/05/07,51.9000,,,
2019/05/08,51.9400,,,
2019/05/09,52.1700,,,
2019/05/10,52.1800,,,
2019/05/13,52.2500,,,
2019/05/14,52.4100,,,
2019/05/15,52.3480,,,
2019/05/16,52.3900,,,
2019/05/17,52.4800,,,
2019/05/20,52.5500,,,
2019/05/21,52.5400,,,
2019/05/22,52.4300,,,
2019/05/23,52.5400,,,
2019/05/24,52.4750,,,
2019/05/27,52.0900,,,
2019/05/28,52.2600,,,
2019/05/29,52.3400,,,
2019/05/30,52.2500,,,
2019/05/31,52.1800,,,
2019/06/03,52.0450,,,
2019/06/04,51.7200,,,
2019/06/05,51.7400,,,
2019/06/06,51.7600,,,
2019/06/10,52.0500,,,
2019/06/11,51.9800,,,
2019/06/12,51.8900,,,
2019/06/13,51.9200,,,
2019/06/14,51.8200,,,
2019/06/17,52.0650,,,
2019/06/18,52.1000,,,
2019/06/19,51.8300,,,
2019/06/20,51.7450,,,
2019/06/21,51.4500,,,
2019/06/24,51.4950,,,
2019/06/25,51.3300,,,
2019/06/26,51.5100,,,
2019/06/27,51.3550,,,
2019/06/28,51.1900,,,
2019/07/01,51.2300,,,
2019/07/02,51.1300,,,
2019/07/03,51.1700,,,
2019/07/04,51.0750,,,
2019/07/05,51.1900,,,
2019/07/08,51.2900,,,
2019/07/09,51.3300,,,
2019/07/10,51.3700,,,
2019/07/11,51.3000,,,
2019/07/12,51.1700,,,
2019/07/15,51.1200,,,
2019/07/16,50.9700,,,
2019/07/17,50.9250,,,
2019/07/18,51.0800,,,
2019/07/19,50.9450,,,
2019/07/22,51.0800,,,
2019/07/23,51.1500,,,
2019/07/24,51.2400,,,
2019/07/25,51.1100,,,
2019/07/26,51.1900,,,
2019/07/29,50.9500,,,
2019/07/30,51.0200,,,
2019/07/31,50.8400,,,
2019/08/01,51.0450,,,
2019/08/02,51.3800,,,
2019/08/05,51.7400,,,
2019/08/06,52.0400,,,
2019/08/07,51.9900,,,
2019/08/08,52.2600,,,
2019/08/12,52.0100,,,
2019/08/13,52.1100,,,
2019/08/14,52.1600,,,
2019/08/15,52.5500,,,
2019/08/16,52.5200,,,
2019/08/19,52.3000,,,
2019/08/20,52.4400,,,
2019/08/21,52.2800,,,
2019/08/22,52.1600,,,
2019/08/23,52.3300,,,
2019/08/26,52.4800,,,
2019/08/27,52.3500,,,
2019/08/28,52.2400,,,
2019/08/29,52.3600,,,
2019/08/30,52.1700,,,
2019/09/02,52.1350,,,
2019/09/03,52.2300,,,
2019/09/04,52.2100,,,
2019/09/05,51.8100,,,
2019/09/06,52.0200,,,
2019/09/09,51.8700,,,
2019/09/10,51.8400,,,
2019/09/11,52.0700,,,
2019/09/12,52.0550,,,
2019/09/16,52.2100,,,
2019/09/17,52.3600,,,
2019/09/18,52.2200,,,
2019/09/19,52.2700,,,
2019/09/20,52.2000,,,
2019/09/23,51.9700,,,
2019/09/24,52.1600,,,
2019/09/25,52.2300,,,
2019/09/26,52.1700,,,
2019/09/27,52.1400,,,
2019/10/01,51.7700,,,
2019/10/02,51.9000,,,
2019/10/03,51.9600,,,
2019/10/04,51.6800,,,
2019/10/05,51.6900,,,
2019/10/07,51.8250,,,
2019/10/08,51.8400,,,
2019/10/09,51.8650,,,
2019/10/14,51.5600,,,
2019/10/15,51.5150,,,
2019/10/16,51.7050,,,
2019/10/17,51.4800,,,
2019/10/18,51.3300,,,
2019/10/21,51.1900,,,
2019/10/22,51.0700,,,
2019/10/23,51.2500,,,
2019/10/24,50.9600,,,
2019/10/25,51.2900,,,
2019/10/28,51.1400,,,
2019/10/29,51.0400,,,
2019/10/30,51.0500,,,
2019/10/31,50.7500,,,
2019/11/01,50.8000,,,
2019/11/04,50.5300,,,
2019/11/05,50.5900,,,
2019/11/06,50.4700,,,
2019/11/07,50.5900,,,
2019/11/08,50.4600,,,
2019/11/11,50.6450,,,
2019/11/12,50.7650,,,
2019/11/13,50.8400,,,
2019/11/14,50.8300,,,
2019/11/15,50.5600,,,
2019/11/18,50.5850,,,
2019/11/19,50.7800,,,
2019/11/20,50.9900,,,
2019/11/21,51.0200,,,
2019/11/22,50.7600,,,
2019/11/25,50.7450,,,
2019/11/26,50.6700,,,
2019/11/27,50.8750,,,
2019/11/28,50.8200,,,
2019/11/29,50.7200,,,
2019/12/02,50.7800,,,
2019/12/03,51.1100,,,
2019/12/04,51.0900,,,
2019/12/05,50.8800,,,
2019/12/06,50.7600,,,
2019/12/09,50.8400,,,
2019/12/10,50.7500,,,
2019/12/11,50.7200,,,
2019/12/12,50.7500,,,
2019/12/13,50.5100,,,
2019/12/16,50.5900,,,
2019/12/17,50.6100,,,
2019/12/18,50.5600,,,
2019/12/19,50.6200,,,
2019/12/20,50.6300,,,
2019/12/23,50.7600,,,
2019/12/24,50.8500,,,
2019/12/25,50.8200,,,
2019/12/26,50.7200,,,
2019/12/27,50.8750,,,
2019/12/30,50.7600,,,
2019/12/31,50.7100,,,
2020/01/02,50.6400,,,
2020/01/03,50.7250,,,
2020/01/06,51.1650,,,
2020/01/07,50.9800,,,
2020/01/08,51.0800,,,
2020/01/09,50.5400,,,
2020/01/10,50.6900,,,
2020/01/13,50.4400,,,
2020/01/14,50.4400,,,
2020/01/15,50.6800,,,
2020/01/16,50.6800,,,
2020/01/17,50.9600,,,
2020/01/20,50.9800,,,
2020/01/21,50.9800,,,
2020/01/22,50.9900,,,
2020/01/30,50.8500,,,
2020/01/31,50.8600,,,
2020/02/03,50.8800,,,
2020/02/04,50.7500,,,
2020/02/05,50.7600,,,
2020/02/06,50.8300,,,
2020/02/07,50.7900,,,
2020/02/10,50.7700,,,
2020/02/11,50.6800,,,
2020/02/12,50.5700,,,
2020/02/13,50.5350,,,
2020/02/14,50.4250,,,
2020/02/15,50.5400,,,
2020/02/17,50.5850,,,
2020/02/18,50.5850,,,
2020/02/19,50.6200,,,
2020/02/20,50.6220,,,
2020/02/21,50.6850,,,
2020/02/24,51.0500,,,
2020/02/25,50.8600,,,
2020/02/26,51.0900,,,
2020/02/27,51.0000,,,
2020/03/02,51.0350,,,
2020/03/03,50.7200,,,
2020/03/04,50.6000,,,
2020/03/05,50.6200,,,
2020/03/06,50.7700,,,
2020/03/09,50.5890,,,
2020/03/10,50.5200,,,
2020/03/11,50.5010,,,
2020/03/12,50.7770,,,
2020/03/13,51.1900,,,
2020/03/16,51.0500,,,
2020/03/17,51.5000,,,
2020/03/18,51.5000,,,
2020/03/19,51.1650,,,
2020/03/20,51.0300,,,
2020/03/23,51.1350,,,
2020/03/24,51.0300,,,
2020/03/25,50.8400,,,
2020/03/26,51.0350,,,
2020/03/27,50.7000,,,
2020/03/30,51.0160,,,
2020/03/31,51.8100,,,
2020/04/01,50.7500,,,
2020/04/06,50.6600,,,
2020/04/07,50.6580,,,
2020/04/08,50.6200,,,
2020/04/09,50.5000,,,
2020/04/10,50.4800,,,
2020/04/13,50.5900,,,
2020/04/14,50.5800,,,
2020/04/15,50.6000,,,
2020/04/16,50.6880,,,
2020/04/17,50.7300,,,
2020/04/20,50.9200,,,
2020/04/21,50.7760,,,
2020/04/22,50.8400,,,
2020/04/23,50.6500,,,
2020/04/24,50.7060,,,
2020/04/27,50.7450,,,
2020/04/28,50.6800,,,
2020/04/29,50.6150,,,
2020/04/30,50.4300,,,
2020/05/04,50.5700,,,
2020/05/05,50.5700,,,
2020/05/06,50.5650,,,
2020/05/07,50.5460,,,
2020/05/08,50.4950,,,
2020/05/11,50.3700,,,
2020/05/12,50.3500,,,
2020/05/13,50.2600,,,
2020/05/14,50.3000,,,
2020/05/15,50.5150,,,
2020/05/18,50.7000,,,
2020/05/19,50.7950,,,
2020/05/20,50.6300,,,
2020/05/21,50.5500,,,
2020/05/22,50.6960,,,
2020/05/25,50.7500,,,
2020/05/26,50.6350,,,
2020/05/27,50.4710,,,
2020/05/28,50.7010,,,
2020/05/29,50.5850,,,
2020/06/01,50.4900,,,
2020/06/02,50.3000,,,
2020/06/03,50.1600,,,
2020/06/04,49.9500,,,
2020/06/05,50.0000,,,
2020/06/08,49.8700,,,
2020/06/09,49.9600,,,
2020/06/10,49.9910,,,
2020/06/11,49.8400,,,
2020/06/12,50.3000,,,
2020/06/15,50.2800,,,
2020/06/16,50.2250,,,
2020/06/17,50.1260,,,
2020/06/18,50.0100,,,
2020/06/19,50.1500,,,
2020/06/20,50.0500,,,
2020/06/22,50.0470,,,
2020/06/23,50.2260,,,
2020/06/24,50.0940,,,
2020/06/29,49.8400,,,
2020/06/30,49.7700,,,
2020/07/01,49.7620,,,
2020/07/02,49.7550,,,
2020/07/03,49.6500,,,
2020/07/06,49.5240,,,
2020/07/07,49.3400,,,
2020/07/08,49.5590,,,
2020/07/09,49.4800,,,
2020/07/10,49.4930,,,
2020/07/13,49.4000,,,
2020/07/14,49.5100,,,
2020/07/15,49.4310,,,
2020/07/16,49.4800,,,
2020/07/17,49.5280,,,
2020/07/20,49.4000,,,
2020/07/21,49.2730,,,
2020/07/22,49.3100,,,
2020/07/23,49.4180,,,
2020/07/24,49.3600,,,
2020/07/27,49.2790,,,
2020/07/28,49.1400,,,
2020/07/29,49.2200,,,
2020/07/30,49.0870,,,
2020/07/31,49.1400,,,
2020/08/03,49.1040,,,
2020/08/04,49.1150,,,
2020/08/05,49.0820,,,
2020/08/06,49.0400,,,
2020/08/07,49.0800,,,
2020/08/10,49.0270,,,
2020/08/11,48.9650,,,
2020/08/12,48.9230,,,
2020/08/13,48.8840,,,
2020/08/14,48.8320,,,
2020/08/17,48.6910,,,
2020/08/18,48.5900,,,
2020/08/19,48.5300,,,
2020/08/20,48.6400,,,
2020/08/21,48.6000,,,
2020/08/24,48.6500,,,
2020/08/25,48.4900,,,
2020/08/26,48.5330,,,
2020/08/27,48.5600,,,
2020/08/28,48.5340,,,
2020/08/31,48.3900,,,
2020/09/01,48.4650,,,
2020/09/02,48.5900,,,
2020/09/03,48.5600,,,
2020/09/04,48.5820,,,
2020/09/07,48.5640,,,
2020/09/08,48.6520,,,
2020/09/09,48.5800,,,
2020/09/10,48.5700,,,
2020/09/11,48.5440,,,
2020/09/14,48.5100,,,
2020/09/15,48.4110,,,
2020/09/16,48.4200,,,
2020/09/17,48.4020,,,
2020/09/18,48.4180,,,
2020/09/21,48.3600,,,
2020/09/22,48.4480,,,
2020/09/23,48.5120,,,
2020/09/24,48.5240,,,
2020/09/25,48.4200,,,
2020/09/26,48.4700,,,
2020/09/28,48.4090,,,
2020/09/29,48.4490,,,
2020/09/30,48.3800,,,
2020/10/05,48.4410,,,
2020/10/06,48.3400,,,
2020/10/07,48.4400,,,
2020/10/08,48.3800,,,
2020/10/12,48.3430,,,
2020/10/13,48.5530,,,
2020/10/14,48.6400,,,
2020/10/15,48.5550,,,
2020/10/16,48.6250,,,
2020/10/19,48.5650,,,
2020/10/20,48.5240,,,
2020/10/21,48.5450,,,
2020/10/22,48.5450,,,
2020/10/23,48.5870,,,
2020/10/26,48.3900,,,
2020/10/27,48.4070,,,
2020/10/28,48.3200,,,
2020/10/29,48.3850,,,
2020/10/30,48.3600,,,
2020/11/02,48.4450,,,
2020/11/03,48.3550,,,
2020/11/04,48.3750,,,
2020/11/05,48.3350,,,
2020/11/06,48.2630,,,
2020/11/09,48.1310,,,
2020/11/10,48.2340,,,
2020/11/11,48.3330,,,
2020/11/12,48.4550,,,
2020/11/13,48.4150,,,
2020/11/16,48.1350,,,
2020/11/17,48.2150,,,
2020/11/18,48.2500,,,
2020/11/19,48.2080,,,
2020/11/20,48.2450,,,
2020/11/23,48.1600,,,
2020/11/24,48.1880,,,
2020/11/25,48.1000,,,
2020/11/26,48.0650,,,
2020/11/27,48.1000,,,
2020/11/30,48.1050,,,
2020/12/01,48.1300,,,
2020/12/02,48.0150,,,
2020/12/03,48.0300,,,
2020/12/04,48.0350,,,
2020/12/07,48.0600,,,
2020/12/08,48.1150,,,
2020/12/09,48.1000,,,
2020/12/10,48.0700,,,
2020/12/11,48.0500,,,
2020/12/14,48.0500,,,
2020/12/15,48.0300,,,
2020/12/16,48.0550,,,
2020/12/17,48.0200,,,
2020/12/18,48.0380,,,
2020/12/21,48.0700,,,
2020/12/22,48.0750,,,
2020/12/23,48.0500,,,
2020/12/24,48.0400,,,
2020/12/25,48.0400,,,
2020/12/28,48.0300,,,
2020/12/29,48.0250,,,
2020/12/30,48.0200,,,
2020/12/31,48.0100,,,
2021/01/04,48.0250,,,
2021/01/05,48.0070,,,
2021/01/06,48.0430,,,
2021/01/07,48.0330,,,
2021/01/08,48.0900,,,
2021/01/11,48.0950,,,
2021/01/12,48.0800,,,
2021/01/13,48.0100,,,
2021/01/14,48.0600,,,
2021/01/15,48.0500,,,
2021/01/18,48.0600,,,
2021/01/19,48.0400,,,
2021/01/20,48.0800,,,
2021/01/21,48.0200,,,
2021/01/22,48.0580,,,
2021/01/25,48.0760,,,
2021/01/26,48.0650,,,
2021/01/27,48.0450,,,
2021/01/28,48.0900,,,
2021/01/29,48.0750,,,
2021/02/01,48.0450,,,
2021/02/02,48.0500,,,
2021/02/03,48.0050,,,
2021/02/04,48.0200,,,
2021/02/05,48.0900,,,
2021/02/08,48.0500,,,
2021/02/09,48.0400,,,
2021/02/17,48.3700,,,
2021/02/18,48.3400,,,
2021/02/19,48.3850,,,
2021/02/20,48.4800,,,
2021/02/22,48.4300,,,
2021/02/23,48.6700,,,
2021/02/24,48.5750,,,
2021/02/25,48.5900,,,
2021/02/26,48.6600,,,
2021/03/02,48.6050,,,
2021/03/03,48.4800,,,
2021/03/04,48.5000,,,
2021/03/05,48.6400,,,
2021/03/08,48.5600,,,
2021/03/09,48.5950,,,
2021/03/10,48.4900,,,
2021/03/11,48.5090,,,
2021/03/12,48.4100,,,
2021/03/15,48.4200,,,
2021/03/16,48.5100,,,
2021/03/17,48.6200,,,
2021/03/18,48.6350,,,
2021/03/19,48.6800,,,
2021/03/22,48.5700,,,
2021/03/23,48.5500,,,
2021/03/24,48.6600,,,
2021/03/25,48.6350,,,
2021/03/26,48.5500,,,
2021/03/29,48.4900,,,
2021/03/30,48.4200,,,
2021/03/31,48.5050,,,
2021/04/01,48.5000,,,
2021/04/06,48.5600,,,
2021/04/07,48.5200,,,
2021/04/08,48.6100,,,
2021/04/09,48.5300,,,
2021/04/12,48.5600,,,
2021/04/13,48.5540,,,
2021/04/14,48.5120,,,
2021/04/15,48.4650,,,
2021/04/16,48.3900,,,
2021/04/19,48.4100,,,
2021/04/20,48.4100,,,
2021/04/21,48.3500,,,
2021/04/22,48.4070,,,
2021/04/23,48.3700,,,
2021/04/26,48.3000,,,
2021/04/27,48.3800,,,
2021/04/28,48.4280,,,
2021/04/29,48.4130,,,
2021/05/03,48.1100,,,
2021/05/04,48.0300,,,
2021/05/05,47.9600,,,
2021/05/06,48.0000,,,
2021/05/07,47.8600,,,
2021/05/10,47.8060,,,
2021/05/11,47.8800,,,
2021/05/12,47.8130,,,
2021/05/13,47.9300,,,
2021/05/14,47.8350,,,
2021/05/17,47.7830,,,
2021/05/18,47.8700,,,
2021/05/19,47.8030,,,
2021/05/20,47.8000,,,
2021/05/21,47.8600,,,
2021/05/24,47.9200,,,
2021/05/25,48.0200,,,
2021/05/26,48.1400,,,
2021/05/27,48.1600,,,
2021/05/28,47.9400,,,
2021/05/31,47.7200,,,
2021/06/01,47.6350,,,
2021/06/02,47.7700,,,
2021/06/03,47.7750,,,
2021/06/04,47.8150,,,
2021/06/07,47.6850,,,
2021/06/08,47.6600,,,
2021/06/09,47.7300,,,
2021/06/10,47.6400,,,
2021/06/11,47.6900,,,
2021/06/15,47.9100,,,
2021/06/16,48.1200,,,
2021/06/17,48.2950,,,
2021/06/18,48.3700,,,
2021/06/21,48.5350,,,
2021/06/22,48.6700,,,
2021/06/23,48.7150,,,
2021/06/24,48.8650,,,
2021/06/25,48.6100,,,
2021/06/28,48.6100,,,
2021/06/29,48.5180,,,
2021/06/30,48.6500,,,
2021/07/01,48.8950,,,
2021/07/02,49.1500,,,
2021/07/05,49.1500,,,
2021/07/06,49.3410,,,
2021/07/07,49.7700,,,
2021/07/08,49.8400,,,
2021/07/09,50.1100,,,
2021/07/12,50.0700,,,
2021/07/13,50.2200,,,
2021/07/14,50.0900,,,
2021/07/15,50.3210,,,
2021/07/16,50.1500,,,
2021/07/19,50.4000,,,
2021/07/20,50.6500,,,
2021/07/21,50.2100,,,
2021/07/22,50.2700,,,
2021/07/23,50.1400,,,
2021/07/26,50.3350,,,
2021/07/27,50.2900,,,
2021/07/28,50.3600,,,
2021/07/29,50.3400,,,
2021/07/30,50.3300,,,
2021/08/02,49.9600,,,
2021/08/03,49.9340,,,
2021/08/04,49.7600,,,
2021/08/05,49.7500,,,
2021/08/06,50.3800,,,
2021/08/09,50.5700,,,
2021/08/10,50.3800,,,
2021/08/11,50.3900,,,
2021/08/12,50.3600,,,
2021/08/13,50.3700,,,
2021/08/16,50.4800,,,
2021/08/17,50.6900,,,
2021/08/18,50.3300,,,
2021/08/19,50.4100,,,
2021/08/20,50.5000,,,
2021/08/23,50.2040,,,
2021/08/24,50.1600,,,
2021/08/25,50.1000,,,
2021/08/26,49.7800,,,
2021/08/27,50.1100,,,
2021/08/30,49.8500,,,
2021/08/31,49.7700,,,
2021/09/01,49.7700,,,
2021/09/02,50.0200,,,
2021/09/03,49.5500,,,
2021/09/06,49.9800,,,
2021/09/07,49.9000,,,
2021/09/08,50.1250,,,
2021/09/09,50.1400,,,
2021/09/10,49.9600,,,
2021/09/11,49.9270,,,
2021/09/13,50.0200,,,
2021/09/14,49.8900,,,
2021/09/15,49.8900,,,
2021/09/16,49.7140,,,
2021/09/17,49.9900,,,
2021/09/22,50.0800,,,
2021/09/23,50.4100,,,
2021/09/24,50.3000,,,
2021/09/27,50.7950,,,
2021/09/28,50.9100,,,
2021/09/29,50.9600,,,
2021/09/30,50.8050,,,
2021/10/01,50.9300,,,
2021/10/04,50.6700,,,
2021/10/05,50.7600,,,
2021/10/06,50.6700,,,
2021/10/07,50.8300,,,
2021/10/08,50.5000,,,
2021/10/12,50.8500,,,
2021/10/13,50.7550,,,
2021/10/14,50.5800,,,
2021/10/15,50.6100,,,
2021/10/18,50.7200,,,
2021/10/19,50.7700,,,
2021/10/20,50.7500,,,
2021/10/21,50.7900,,,
2021/10/22,50.8000,,,
2021/10/25,50.7500,,,
2021/10/26,50.4360,,,
2021/10/27,50.7500,,,
2021/10/28,50.7500,,,
2021/10/29,50.6670,,,
2021/11/01,50.4700,,,
2021/11/02,50.3760,,,
2021/11/03,50.5510,,,
2021/11/04,50.5670,,,
2021/11/05,50.6100,,,
2021/11/08,50.2700,,,
2021/11/09,50.1500,,,
2021/11/10,50.1200,,,
2021/11/11,50.1600,,,
2021/11/12,50.0250,,,
2021/11/15,49.8000,,,
2021/11/16,50.2700,,,
2021/11/17,50.3800,,,
2021/11/18,50.3200,,,
2021/11/19,50.2300,,,
2021/11/22,50.6900,,,
2021/11/23,50.6700,,,
2021/11/24,50.5400,,,
2021/11/25,50.4910,,,
2021/11/26,50.4600,,,
2021/11/29,50.3300,,,
2021/11/30,50.3650,,,
2021/12/01,50.3750,,,
2021/12/02,50.3600,,,
2021/12/03,50.4350,,,
2021/12/06,50.3500,,,
2021/12/07,50.2800,,,
2021/12/08,50.2500,,,
2021/12/09,50.2000,,,
2021/12/10,50.3300,,,
2021/12/13,50.3300,,,
2021/12/14,50.3450,,,
2021/12/15,50.3300,,,
2021/12/16,50.1500,,,
2021/12/17,49.9400,,,
2021/12/20,49.9800,,,
2021/12/21,49.9000,,,
2021/12/22,49.9200,,,
2021/12/23,50.0800,,,
2021/12/24,49.9750,,,
2021/12/27,50.0800,,,
2021/12/28,50.1600,,,
2021/12/29,50.6200,,,
2021/12/30,51.0300,,,
2022/01/03,51.1200,,,
2022/01/04,51.1800,,,
2022/01/05,51.2000,,,
2022/01/06,51.0100,,,
2022/01/07,51.2350,,,
2022/01/10,51.3200,,,
2022/01/11,51.1900,,,
2022/01/12,51.0500,,,
2022/01/13,51.0900,,,
2022/01/14,51.0500,,,
2022/01/17,51.3000,,,
2022/01/18,51.2000,,,
2022/01/19,51.4400,,,
2022/01/20,51.3850,,,
2022/01/21,51.4100,,,
2022/01/22,51.2500,,,
2022/01/24,51.2900,,,
2022/01/25,51.3600,,,
2022/01/26,51.2200,,,
2022/01/27,51.3800,,,
2022/01/28,51.2500,,,
2022/02/07,51.2400,,,
2022/02/08,51.3900,,,
2022/02/09,51.3700,,,
2022/02/10,51.2600,,,
2022/02/11,51.3200,,,
2022/02/14,51.3800,,,
2022/02/15,51.3900,,,
2022/02/16,51.3100,,,
2022/02/17,51.2700,,,
2022/02/18,51.3200,,,
2022/02/21,51.3800,,,
2022/02/22,51.4200,,,
2022/02/23,51.3500,,,
2022/02/24,51.2000,,,
2022/02/25,51.3500,,,
2022/03/01,51.2300,,,
2022/03/02,51.3600,,,
2022/03/03,51.4300,,,
2022/03/04,51.6950,,,
2022/03/07,51.9700,,,
2022/03/08,52.1300,,,
2022/03/09,52.1600,,,
2022/03/10,52.1200,,,
2022/03/11,52.2650,,,
2022/03/14,52.3850,,,
2022/03/15,52.4300,,,
2022/03/16,52.3300,,,
2022/03/17,52.1550,,,
2022/03/18,52.2900,,,
2022/03/21,52.2900,,,
2022/03/22,52.4100,,,
2022/03/23,52.3650,,,
2022/03/24,52.4200,,,
2022/03/25,52.2200,,,
2022/03/28,52.2100,,,
2022/03/29,52.0800,,,
2022/03/30,51.9400,,,
2022/03/31,51.9450,,,
2022/04/01,51.7600,,,
2022/04/06,51.3650,,,
2022/04/07,51.3900,,,
2022/04/08,51.4850,,,
2022/04/11,51.7700,,,
2022/04/12,52.2300,,,
2022/04/13,51.9700,,,
2022/04/14,52.1400,,,
2022/04/15,52.1800,,,
2022/04/18,52.2200,,,
2022/04/19,52.3100,,,
2022/04/20,52.4600,,,
2022/04/21,52.3900,,,
2022/04/22,52.3650,,,
2022/04/25,52.3700,,,
2022/04/26,52.3100,,,
2022/04/27,52.3200,,,
2022/04/28,52.0200,,,
2022/04/29,52.3700,,,
2022/05/03,52.5200,,,
2022/05/04,52.4000,,,
2022/05/05,52.2600,,,
2022/05/06,52.4600,,,
2022/05/09,52.4950,,,
2022/05/10,52.4100,,,
2022/05/11,52.3000,,,
2022/05/12,52.3200,,,
2022/05/13,52.4000,,,
2022/05/16,52.4000,,,
2022/05/17,52.4500,,,
2022/05/18,52.3900,,,
2022/05/19,52.3950,,,
2022/05/20,52.2500,,,
2022/05/23,52.1700,,,
2022/05/24,52.3500,,,
2022/05/25,52.3200,,,
2022/05/26,52.3300,,,
2022/05/27,52.3400,,,
2022/05/30,52.2000,,,
2022/05/31,52.4050,,,
2022/06/01,52.4400,,,
2022/06/02,52.4700,,,
2022/06/06,52.9000,,,
2022/06/07,52.9100,,,
2022/06/08,52.8900,,,
2022/06/09,52.9550,,,
2022/06/10,52.9400,,,
2022/06/13,53.2400,,,
2022/06/14,53.2750,,,
2022/06/15,53.3400,,,
2022/06/16,53.3000,,,
2022/06/17,53.4400,,,
2022/06/20,53.9400,,,
2022/06/21,54.0600,,,
2022/06/22,54.5400,,,
2022/06/23,54.3500,,,
2022/06/24,54.7900,,,
2022/06/27,54.8600,,,
2022/06/28,54.6000,,,
2022/06/29,55.0800,,,
2022/06/30,55.0850,,,
2022/07/01,54.9300,,,
2022/07/04,55.1300,,,
2022/07/05,54.9800,,,
2022/07/06,55.5500,,,
2022/07/07,55.8300,,,
2022/07/08,55.8500,,,
2022/07/11,55.9000,,,
2022/07/12,56.2800,,,
2022/07/13,56.3600,,,
2022/07/14,56.3700,,,
2022/07/15,56.3100,,,
2022/07/18,56.3050,,,
2022/07/19,56.3300,,,
2022/07/20,56.2500,,,
2022/07/21,56.3200,,,
2022/07/22,56.3500,,,
2022/07/25,56.1900,,,
2022/07/26,55.7100,,,
2022/07/27,55.5000,,,
2022/07/28,55.6100,,,
2022/07/29,55.3000,,,
2022/08/01,55.3900,,,
2022/08/02,55.3500,,,
2022/08/03,55.6500,,,
2022/08/04,55.7500,,,
2022/08/05,55.2900,,,
2022/08/08,55.5100,,,
2022/08/09,55.5000,,,
2022/08/10,55.7300,,,
2022/08/11,55.4900,,,
2022/08/12,55.4450,,,
2022/08/15,55.8500,,,
2022/08/16,56.0100,,,
2022/08/17,55.8050,,,
2022/08/18,55.7850,,,
2022/08/19,56.0200,,,
2022/08/22,56.0600,,,
2022/08/23,56.2200,,,
2022/08/24,56.0500,,,
2022/08/25,55.9400,,,
2022/08/26,55.9900,,,
2022/08/29,56.0500,,,
2022/08/30,56.1700,,,
2022/08/31,56.1900,,,
2022/09/01,56.3200,,,
2022/09/02,56.8200,,,
2022/09/05,56.9000,,,
2022/09/06,56.9200,,,
2022/09/07,57.2200,,,
2022/09/08,57.0700,,,
2022/09/12,56.8400,,,
2022/09/13,56.9100,,,
2022/09/14,57.2100,,,
2022/09/15,57.1000,,,
2022/09/16,57.3400,,,
2022/09/19,57.3400,,,
2022/09/20,57.3700,,,
2022/09/21,57.7800,,,
2022/09/22,58.2800,,,
2022/09/23,58.3200,,,
2022/09/26,58.8000,,,
2022/09/27,58.8900,,,
2022/09/28,58.9900,,,
2022/09/29,58.8300,,,
2022/09/30,58.5600,,,
2022/10/03,58.7500,,,
2022/10/04,58.9200,,,
2022/10/05,58.6100,,,
2022/10/06,58.5800,,,
2022/10/07,58.8650,,,
2022/10/11,58.9800,,,
2022/10/12,58.9500,,,
2022/10/13,58.9200,,,
2022/10/14,58.9500,,,
2022/10/17,58.9800,,,
2022/10/18,58.9600,,,
2022/10/19,58.8400,,,
2022/10/20,58.9990,,,
2022/10/21,58.9400,,,
2022/10/24,58.8200,,,
2022/10/25,58.8300,,,
2022/10/26,58.6700,,,
2022/10/27,58.3000,,,
2022/10/28,58.2000,,,
2022/10/31,57.9800,,,
2022/11/01,58.1800,,,
2022/11/02,58.1300,,,
2022/11/03,58.4800,,,
2022/11/04,58.8700,,,
2022/11/07,58.5550,,,
2022/11/08,58.3600,,,
2022/11/09,58.1700,,,
2022/11/10,58.0000,,,
2022/11/11,57.2500,,,
2022/11/14,57.3200,,,
2022/11/15,57.3600,,,
2022/11/16,57.4100,,,
2022/11/17,57.4500,,,
2022/11/18,57.4100,,,
2022/11/21,57.3500,,,
2022/11/22,57.3800,,,
2022/11/23,57.2100,,,
2022/11/24,56.8000,,,
2022/11/25,56.7600,,,
2022/11/28,56.8700,,,
2022/11/29,56.6850,,,
2022/11/30,56.5600,,,
2022/12/01,56.3400,,,
2022/12/02,56.2300,,,
2022/12/05,55.7400,,,
2022/12/06,55.9800,,,
2022/12/07,55.7500,,,
2022/12/08,55.4000,,,
2022/12/09,55.2200,,,
2022/12/12,55.4500,,,
2022/12/13,55.7250,,,
2022/12/14,55.6800,,,
2022/12/15,55.7000,,,
2022/12/16,55.8100,,,
2022/12/19,55.4100,,,
2022/12/20,55.3900,,,
2022/12/21,55.1000,,,
2022/12/22,55.1100,,,
2022/12/23,55.2900,,,
2022/12/26,55.1800,,,
2022/12/27,55.1800,,,
2022/12/28,55.9100,,,
2022/12/29,55.6700,,,
2022/12/30,55.7200,,,
2023/01/03,55.6700,,,
2023/01/04,56.0000,,,
2023/01/05,55.9000,,,
2023/01/06,55.8400,,,
2023/01/07,55.5120,,,
2023/01/09,55.2500,,,
2023/01/10,54.8500,,,
2023/01/11,54.9500,,,
2023/01/12,55.1000,,,
2023/01/13,54.9000,,,
2023/01/16,54.7200,,,
2023/01/17,54.7700,,,
2023/01/18,54.9000,,,
2023/01/19,54.6600,,,
2023/01/30,54.5700,,,
2023/01/31,54.5500,,,
2023/02/01,54.5500,,,
2023/02/02,54.0700,,,
2023/02/03,53.8700,,,
2023/02/04,53.6500,,,
2023/02/06,54.2500,,,
2023/02/07,54.6900,,,
2023/02/08,54.9300,,,
2023/02/09,54.8700,,,
2023/02/10,54.5700,,,
2023/02/13,54.6550,,,
2023/02/14,54.7000,,,
2023/02/15,54.9700,,,
2023/02/16,55.3350,,,
2023/02/17,55.2100,,,
2023/02/18,55.5000,,,
2023/02/20,55.1900,,,
2023/02/21,55.0400,,,
2023/02/22,55.0600,,,
2023/02/23,55.0700,,,
2023/02/24,54.8800,,,
2023/03/01,55.2000,,,
2023/03/02,54.8700,,,
2023/03/03,54.8300,,,
2023/03/06,54.8300,,,
2023/03/07,55.0900,,,
2023/03/08,55.3900,,,
2023/03/09,55.2200,,,
2023/03/10,55.2300,,,
2023/03/13,55.0400,,,
2023/03/14,55.0400,,,
2023/03/15,54.8600,,,
2023/03/16,55.0400,,,
2023/03/17,54.6500,,,
2023/03/20,54.6100,,,
2023/03/21,54.6100,,,
2023/03/22,54.4300,,,
2023/03/23,54.5300,,,
2023/03/24,54.3100,,,
2023/03/25,54.2780,,,
2023/03/27,54.4400,,,
2023/03/28,54.3200,,,
2023/03/29,54.3850,,,
2023/03/30,54.4100,,,
2023/03/31,54.2900,,,
2023/04/06,54.4800,,,
2023/04/07,54.4800,,,
2023/04/10,54.5100,,,
2023/04/11,54.6600,,,
2023/04/12,55.0500,,,
2023/04/13,55.1850,,,
2023/04/14,55.2000,,,
2023/04/17,55.4900,,,
2023/04/18,56.0800,,,
2023/04/19,55.9600,,,
2023/04/20,56.3500,,,
2023/04/21,55.9200,,,
2023/04/24,55.8800,,,
2023/04/25,55.5800,,,
2023/04/26,55.6600,,,
2023/04/27,55.7500,,,
2023/04/28,55.5200,,,
2023/05/02,55.4000,,,
2023/05/03,55.3400,,,
2023/05/04,55.1300,,,
2023/05/05,55.3200,,,
2023/05/08,55.3350,,,
2023/05/09,55.4200,,,
2023/05/10,55.7100,,,
2023/05/11,55.5600,,,
2023/05/12,55.9600,,,
2023/05/15,55.9600,,,
2023/05/16,56.0500,,,
2023/05/17,56.1500,,,
2023/05/18,55.9300,,,
2023/05/19,55.7000,,,
2023/05/22,55.7900,,,
2023/05/23,55.6700,,,
2023/05/24,55.7700,,,
2023/05/25,55.7500,,,
2023/05/26,56.1100,,,
2023/05/29,55.9000,,,
2023/05/30,56.1400,,,
2023/05/31,56.2500,,,
2023/06/01,56.2200,,,
2023/06/02,56.0000,,,
2023/06/05,56.1300,,,
2023/06/06,56.1950,,,
2023/06/07,56.0150,,,
2023/06/08,56.1500,,,
2023/06/09,55.9400,,,
2023/06/12,56.0300,,,
2023/06/13,56.1000,,,
2023/06/14,55.9800,,,
2023/06/15,56.0700,,,
2023/06/16,55.7800,,,
2023/06/17,55.6900,,,
2023/06/19,55.9100,,,
2023/06/20,55.7000,,,
2023/06/21,55.6500,,,
2023/06/26,55.7700,,,
2023/06/27,55.5800,,,
2023/06/28,55.1900,,,
2023/06/29,55.2500,,,
2023/06/30,55.4400,,,
2023/07/03,55.1800,,,
2023/07/04,55.2500,,,
2023/07/05,55.3700,,,
2023/07/06,55.5800,,,
2023/07/07,55.6100,,,
2023/07/10,55.4900,,,
2023/07/11,55.4900,,,
2023/07/12,55.0700,,,
2023/07/13,54.7500,,,
2023/07/14,54.3700,,,
2023/07/17,54.4500,,,
2023/07/18,54.3550,,,
2023/07/19,54.5400,,,
2023/07/20,54.4300,,,
2023/07/21,54.7000,,,
2023/07/24,54.7200,,,
2023/07/25,54.5150,,,
2023/07/26,54.6500,,,
2023/07/27,54.5400,,,
2023/07/28,54.8600,,,
2023/07/31,54.8500,,,
2023/08/01,54.7500,,,
2023/08/02,54.8600,,,
2023/08/04,55.6000,,,
2023/08/07,55.6200,,,
2023/08/08,56.3000,,,
2023/08/09,56.3400,,,
2023/08/10,56.4100,,,
2023/08/11,56.1400,,,
2023/08/14,56.4700,,,
2023/08/15,56.7600,,,
2023/08/16,56.8250,,,
2023/08/17,56.6800,,,
2023/08/18,56.5400,,,
2023/08/21,56.1420,,,
2023/08/22,56.2000,,,
2023/08/23,56.3700,,,
2023/08/24,56.6400,,,
2023/08/25,56.7300,,,
2023/08/28,56.6300,,,
2023/08/29,56.5800,,,
2023/08/30,56.6200,,,
2023/08/31,56.6300,,,
2023/09/01,56.6000,,,
2023/09/04,56.5000,,,
2023/09/05,56.7200,,,
2023/09/06,56.9600,,,
2023/09/07,56.9000,,,
2023/09/08,56.7400,,,
2023/09/11,56.6000,,,
2023/09/12,56.7400,,,
2023/09/13,56.6500,,,
2023/09/14,56.6600,,,
2023/09/15,56.7000,,,
2023/09/18,56.7900,,,
2023/09/19,56.7550,,,
2023/09/20,56.7800,,,
2023/09/21,56.9200,,,
2023/09/22,56.8700,,,
2023/09/23,56.8120,,,
2023/09/25,56.7800,,,
2023/09/26,56.8700,,,
2023/09/27,56.9000,,,
2023/09/28,56.9600,,,
2023/10/02,56.6800,,,
2023/10/03,56.9000,,,
2023/10/04,56.8000,,,
2023/10/05,56.6350,,,
2023/10/06,56.6150,,,
2023/10/11,56.7300,,,
2023/10/12,56.7300,,,
2023/10/13,56.8250,,,
2023/10/16,56.8600,,,
2023/10/17,56.7200,,,
2023/10/18,56.7400,,,
2023/10/19,56.8600,,,
2023/10/20,56.7900,,,
2023/10/23,56.7900,,,
2023/10/24,56.8300,,,
2023/10/25,56.8200,,,
2023/10/26,56.9500,,,
2023/10/27,56.9500,,,
2023/10/30,56.9000,,,
2023/10/31,56.8400,,,
2023/11/01,56.7900,,,
2023/11/02,56.8000,,,
2023/11/03,56.5500,,,
2023/11/06,55.8400,,,
2023/11/07,56.0900,,,
2023/11/08,56.0500,,,
2023/11/09,55.9700,,,
2023/11/10,55.9300,,,
2023/11/13,56.0300,,,
2023/11/14,56.1300,,,
2023/11/15,56.0650,,,
2023/11/16,55.8900,,,
2023/11/17,55.6200,,,
2023/11/20,55.4650,,,
2023/11/21,55.3550,,,
2023/11/22,55.4900,,,
2023/11/23,55.5300,,,
2023/11/24,55.3700,,,
2023/11/27,55.4200,,,
2023/11/28,55.5200,,,
2023/11/29,55.2800,,,
2023/11/30,55.4500,,,
2023/12/01,55.5300,,,
2023/12/04,55.3450,,,
2023/12/05,55.4250,,,
2023/12/06,55.3000,,,
2023/12/07,55.3900,,,
2023/12/08,55.3150,,,
2023/12/11,55.5400,,,
2023/12/12,55.6150,,,
2023/12/13,55.7300,,,
2023/12/14,55.6450,,,
2023/12/15,55.6900,,,
2023/12/18,55.8000,,,
2023/12/19,55.8200,,,
2023/12/20,55.8650,,,
2023/12/21,55.7600,,,
2023/12/22,55.3300,,,
2023/12/25,55.3900,,,
2023/12/26,55.3900,,,
2023/12/27,55.4900,,,
2023/12/28,55.6300,,,
2023/12/29,55.3600,,,
2024/01/02,55.4400,,,
2024/01/03,55.7600,,,
2024/01/04,55.6800,,,
2024/01/05,55.4800,,,
2024/01/08,55.4800,,,
2024/01/09,55.6700,,,
2024/01/10,56.2350,,,
2024/01/11,56.1600,,,
2024/01/12,55.9500,,,
2024/01/15,55.8500,,,
2024/01/16,55.8700,,,
2024/01/17,56.0700,,,
2024/01/18,55.7900,,,
2024/01/19,55.8100,,,
2024/01/22,56.0800,,,
2024/01/23,56.3600,,,
2024/01/24,56.2400,,,
2024/01/25,56.1800,,,
2024/01/26,56.4700,,,
2024/01/29,56.4150,,,
2024/01/30,56.2500,,,
2024/01/31,56.4300,,,
2024/02/01,56.3000,,,
2024/02/02,56.0500,,,
2024/02/05,56.1600,,,
2024/02/06,56.3000,,,
2024/02/07,56.0150,,,
2024/02/15,55.9900,,,
2024/02/16,55.9000,,,
2024/02/17,55.9500,,,
2024/02/19,55.9300,,,
2024/02/20,56.0800,,,
2024/02/21,56.0500,,,
2024/02/22,55.9450,,,
2024/02/23,55.7600,,,
2024/02/26,55.9800,,,
2024/02/27,56.1250,,,
2024/02/29,56.1700,,,
2024/03/01,56.0900,,,
2024/03/04,56.0250,,,
2024/03/05,55.9900,,,
2024/03/06,55.8750,,,
2024/03/07,55.7900,,,
2024/03/08,55.8100,,,
2024/03/11,55.5200,,,
2024/03/12,55.4500,,,
2024/03/13,55.4200,,,
2024/03/14,55.3800,,,
2024/03/15,55.5500,,,
2024/03/18,55.6600,,,
2024/03/19,55.7200,,,
2024/03/20,55.9700,,,
2024/03/21,55.9100,,,
2024/03/22,56.1140,,,
2024/03/25,56.2800,,,
2024/03/26,56.2700,,,
2024/03/27,56.2450,,,
2024/03/28,56.2700,,,
2024/03/29,56.2070,,,
2024/04/01,56.1300,,,
2024/04/02,56.3400,,,
2024/04/03,56.3300,,,
2024/04/08,56.6000,,,
2024/04/09,56.5400,,,
2024/04/10,56.5300,,,
2024/04/11,56.5000,,,
2024/04/12,56.4250,,,
2024/04/15,56.6950,,,
2024/04/16,56.9550,,,
2024/04/17,57.0000,,,
2024/04/18,57.0500,,,
2024/04/19,57.4900,,,
2024/04/22,57.5700,,,
2024/04/23,57.4000,,,
2024/04/24,57.3400,,,
2024/04/25,57.8700,,,
2024/04/26,57.8500,,,
2024/04/29,57.7100,,,
2024/04/30,57.4800,,,
2024/05/02,57.6450,,,
2024/05/03,57.3700,,,
2024/05/06,57.1400,,,
2024/05/07,57.2300,,,
2024/05/08,57.4250,,,
2024/05/09,57.3900,,,
2024/05/10,57.2600,,,
2024/05/13,57.6400,,,
2024/05/14,57.8300,,,
2024/05/15,57.8400,,,
2024/05/16,57.3100,,,
2024/05/17,57.6100,,,
2024/05/20,57.7500,,,
2024/05/21,57.9900,,,
2024/05/22,58.1600,,,
2024/05/23,58.2600,,,
2024/05/24,58.2450,,,
2024/05/27,58.0700,,,
2024/05/28,57.9900,,,
2024/05/29,58.1550,,,
2024/05/30,58.5500,,,
2024/05/31,58.4800,,,
2024/06/03,58.4300,,,
2024/06/04,58.5900,,,
2024/06/05,58.7300,,,
2024/06/06,58.6300,,,
2024/06/07,58.5100,,,
2024/06/11,58.7100,,,
2024/06/12,58.6900,,,
2024/06/13,58.4850,,,
2024/06/14,58.6300,,,
2024/06/17,58.7000,,,
2024/06/18,58.6800,,,
2024/06/19,58.6100,,,
2024/06/20,58.7800,,,
2024/06/21,58.8450,,,
2024/06/24,58.8100,,,
2024/06/25,58.7300,,,
2024/06/26,58.7900,,,
2024/06/27,58.8800,,,
2024/06/28,58.6700,,,
2024/07/01,58.4700,,,
2024/07/02,58.7700,,,
2024/07/03,58.7750,,,
2024/07/04,58.6350,,,
2024/07/05,58.5500,,,
2024/07/08,58.5750,,,
2024/07/09,58.5000,,,
2024/07/10,58.4700,,,
2024/07/11,58.3100,,,
2024/07/12,58.2600,,,
2024/07/15,58.5200,,,
2024/07/16,58.4500,,,
2024/07/17,58.3600,,,
2024/07/18,58.3050,,,
2024/07/19,58.3800,,,
2024/07/22,58.4200,,,
2024/07/23,58.4100,,,
2024/07/26,58.4800,,,
2024/07/29,58.4050,,,
2024/07/30,58.6600,,,
2024/07/31,58.5200,,,
2024/08/01,58.3000,,,
2024/08/02,58.3200,,,
2024/08/05,57.8650,,,
2024/08/06,57.9900,,,
2024/08/07,57.6700,,,
2024/08/08,57.5700,,,
2024/08/09,57.3200,,,
2024/08/12,57.2750,,,
2024/08/13,57.2600,,,
2024/08/14,56.9000,,,
2024/08/15,57.0800,,,
2024/08/16,57.1500,,,
2024/08/19,56.9500,,,
2024/08/20,56.5650,,,
2024/08/21,56.4500,,,
2024/08/22,56.2800,,,
2024/08/23,56.3100,,,
2024/08/26,56.4000,,,
2024/08/27,56.1900,,,
2024/08/28,56.3050,,,
2024/08/29,56.2900,,,
2024/08/30,56.1100,,,
2024/09/02,56.2600,,,
2024/09/03,56.5900,,,
2024/09/04,56.5800,,,
2024/09/05,56.4200,,,
2024/09/06,55.9700,,,
2024/09/09,56.2500,,,
2024/09/10,56.5200,,,
2024/09/11,56.2700,,,
2024/09/12,56.0600,,,
2024/09/13,55.9700,,,
2024/09/16,55.8850,,,
2024/09/18,55.8200,,,
2024/09/19,55.8600,,,
2024/09/20,55.5900,,,
2024/09/23,55.7200,,,
2024/09/24,56.1000,,,
2024/09/25,55.8500,,,
2024/09/26,56.0400,,,
2024/09/27,55.7800,,,
2024/09/30,55.9700,,,
2024/10/01,56.2550,,,
2024/10/04,56.3100,,,
2024/10/07,56.5800,,,
2024/10/08,56.7400,,,
2024/10/09,56.9050,,,
2024/10/11,57.2200,,,
2024/10/14,57.2800,,,
2024/10/15,57.4300,,,
2024/10/16,57.8350,,,
2024/10/17,57.6500,,,
2024/10/18,57.7400,,,
2024/10/21,57.3000,,,
2024/10/22,57.7200,,,
2024/10/23,57.8000,,,
2024/10/24,58.0000,,,
2024/10/25,57.8200,,,
2024/10/28,58.3800,,,
2024/10/29,58.1600,,,
2024/10/30,58.1850,,,
2024/11/01,58.2800,,,
2024/11/04,58.1500,,,
2024/11/05,58.4200,,,
2024/11/06,58.5600,,,
2024/11/07,58.7800,,,
2024/11/08,58.4400,,,
2024/11/11,58.4800,,,
2024/11/12,58.7900,,,
2024/11/13,58.7300,,,
2024/11/14,58.7900,,,
2024/11/15,58.8300,,,
2024/11/18,58.7000,,,
2024/11/19,58.6200,,,
2024/11/20,58.8600,,,
2024/11/21,58.9700,,,
2024/11/22,58.9100,,,
2024/11/25,58.9500,,,
2024/11/26,58.9850,,,
2024/11/27,58.8200,,,
2024/11/28,58.7000,,,
2024/11/29,58.6300,,,
2024/12/02,58.7600,,,
2024/12/03,58.6600,,,
2024/12/04,58.3800,,,
2024/12/05,58.1700,,,
2024/12/06,57.7600,,,
2024/12/09,57.9700,,,
2024/12/10,57.9100,,,
2024/12/11,58.1900,,,
2024/12/12,58.3300,,,
2024/12/13,58.3200,,,
2024/12/16,58.6600,,,
2024/12/17,58.7400,,,
2024/12/18,58.9600,,,
2024/12/19,58.9850,,,
2024/12/20,58.9850,,,
2024/12/23,58.5700,,,
2024/12/24,58.5100,,,
2024/12/25,58.5090,,,
2024/12/26,58.0000,,,
2024/12/27,57.7500,,,
2024/12/30,57.9080,,,
2024/12/31,57.8200,,,
2025/01/02,57.9500,,,
2025/01/03,58.1300,,,
2025/01/06,58.1900,,,
2025/01/07,58.0700,,,
2025/01/08,58.3200,,,
2025/01/09,58.5400,,,
2025/01/10,58.3200,,,
2025/01/13,58.6000,,,
2025/01/14,58.5200,,,
2025/01/15,58.6300,,,
2025/01/16,58.4700,,,
2025/01/17,58.5050,,,
2025/01/20,58.5700,,,
2025/01/21,58.4150,,,
2025/01/22,58.4200,,,
2025/01/23,58.6400,,,
2025/01/24,58.5500,,,
2025/02/03,58.6200,,,
2025/02/04,58.4900,,,
2025/02/05,58.0100,,,
2025/02/06,57.9650,,,
2025/02/07,58.0000,,,
2025/02/08,58.1100,,,
2025/02/10,58.1000,,,
2025/02/11,58.1600,,,
2025/02/12,58.2200,,,
2025/02/13,58.3150,,,
2025/02/14,57.8200,,,
2025/02/17,57.8500,,,
2025/02/18,58.2050,,,
2025/02/19,58.0900,,,
2025/02/20,57.9700,,,
2025/02/21,57.9000,,,
2025/02/24,57.9050,,,
2025/02/25,57.9100,,,
2025/02/26,57.8650,,,
2025/02/27,57.8700,,,
2025/03/03,57.9300,,,
2025/03/04,57.8100,,,
2025/03/05,57.5710,,,
2025/03/06,57.2700,,,
2025/03/07,57.3970,,,
2025/03/10,57.4570,,,
2025/03/11,57.4530,,,
2025/03/12,57.2810,,,
2025/03/13,57.3650,,,
2025/03/14,57.2830,,,
2025/03/17,57.2030,,,
2025/03/18,57.2290,,,
2025/03/19,57.2610,,,
2025/03/20,57.1690,,,
2025/03/21,57.2500,,,
2025/03/24,57.3320,,,
2025/03/25,57.3370,,,
2025/03/26,57.6100,,,
2025/03/27,57.5610,,,
2025/03/28,57.3380,,,
2025/03/31,57.2730,,,
2025/04/01,57.2470,,,
2025/04/02,57.1990,,,
2025/04/07,57.2170,,,
2025/04/08,57.2570,,,
2025/04/09,57.5250,,,
2025/04/10,57.2160,,,
2025/04/11,57.1670,,,
2025/04/14,57.0040,,,
2025/04/15,57.0680,,,
2025/04/16,56.6220,,,
2025/04/17,56.6090,,,
2025/04/18,56.7000,,,
2025/04/21,56.5670,,,
2025/04/22,56.7010,,,
2025/04/23,56.5770,,,
2025/04/24,56.4670,,,
2025/04/25,56.3780,,,
2025/04/28,56.2510,,,
2025/04/29,56.2980,,,
2025/04/30,55.9560,,,
2025/05/02,55.9320,,,
2025/05/05,55.4360,,,
2025/05/06,55.8630,,,
2025/05/07,55.3410,,,
2025/05/08,55.5350,,,
2025/05/09,55.7590,,,
2025/05/12,55.3810,,,
2025/05/13,55.7450,,,
2025/05/14,55.6320,,,
2025/05/15,55.7620,,,
2025/05/16,55.6060,,,
2025/05/19,55.7630,,,
2025/05/20,55.6630,,,
2025/05/21,55.6080,,,
2025/05/22,55.6270,,,
2025/05/23,55.6310,,,
2025/05/26,55.1830,,,
2025/05/27,55.3320,,,
2025/05/28,55.5710,,,
2025/05/29,55.6130,,,
2025/06/02,55.7780,,,
2025/06/03,55.6160,,,
2025/06/04,55.7660,,,
2025/06/05,55.5910,,,
2025/06/06,55.6680,,,
2025/06/09,55.7910,,,
2025/06/10,55.7060,,,
2025/06/11,55.7750,,,
2025/06/12,55.8210,,,
2025/06/13,55.8750,,,
2025/06/16,56.2530,,,
2025/06/17,56.3830,,,
2025/06/18,56.7500,,,
2025/06/19,57.2250,,,
2025/06/20,57.1610,,,
2025/06/23,57.4910,,,
2025/06/24,56.9700,,,
2025/06/25,56.6520,,,
2025/06/26,56.6320,,,
2025/06/27,56.6630,,,
2025/06/30,56.4560,,,
2025/07/01,56.1470,,,
2025/07/02,56.3170,,,
2025/07/03,56.2560,,,
2025/07/04,56.4620,,,
2025/07/07,56.5200,,,
2025/07/08,56.5090,,,
2025/07/09,56.5730,,,
2025/07/10,56.4370,,,
2025/07/11,56.4620,,,
2025/07/14,56.5630,,,
2025/07/15,56.7370,,,
2025/07/16,56.8900,,,
2025/07/17,56.9610,,,
2025/07/18,57.2210,,,
2025/07/21,57.0540,,,
2025/07/22,56.9750,,,
2025/07/23,56.8760,,,
2025/07/24,56.6640,,,
2025/07/25,56.8180,,,
2025/07/28,57.1310,,,
2025/07/29,57.2660,,,
2025/07/30,57.1420,,,
2025/07/31,57.9310,,,
2025/08/01,58.4550,,,
2025/08/04,57.5950,,,
2025/08/05,57.2700,,,
2025/08/06,57.6650,,,
2025/08/07,57.1890,,,
2025/08/08,57.1890,,,
2025/08/11,56.8850,,,
2025/08/12,57.1830,,,
2025/08/13,56.8870,,,
2025/08/14,56.6950,,,
2025/08/15,57.0200,,,
2025/08/18,57.0470,,,
2025/08/19,57.0370,,,
2025/08/20,57.2590,,,
2025/08/21,56.9460,,,
2025/08/22,57.0900,,,
2025/08/25,56.5170,,,
2025/08/26,56.7060,,,
2025/08/27,56.9650,,,
2025/08/28,57.0140,,,
2025/08/29,56.9440,,,
2025/09/01,57.2030,,,
2025/09/02,57.1490,,,
2025/09/03,57.4490,,,
2025/09/04,57.2260,,,
2025/09/05,57.1150,,,
2025/09/08,56.7790,,,
2025/09/09,56.7200,,,
2025/09/10,57.1470,,,
2025/09/11,57.0780,,,
2025/09/12,57.0930,,,
2025/09/15,57.1900,,,
2025/09/16,57.1040,,,
2025/09/17,56.8020,,,
2025/09/18,57.0380,,,
2025/09/19,57.2030,,,
2025/09/22,57.1430,,,
2025/09/23,56.9560,,,
2025/09/24,57.4180,,,
2025/09/25,57.7460,,,
2025/09/26,58.3740,,,
2025/09/30,58.0360,,,
2025/10/01,58.2690,,,
2025/10/02,58.0880,,,
2025/10/03,58.0830,,,
2025/10/07,58.2870,,,
2025/10/08,58.1770,,,
2025/10/09,57.8100,,,
2025/10/13,58.1590,,,
2025/10/14,58.1780,,,
2025/10/15,58.0440,,,
2025/10/16,58.0310,,,
2025/10/17,58.0890,,,
2025/10/20,58.1340,,,
2025/10/21,58.1240,,,
2025/10/22,58.2960,,,
2025/10/23,58.4950,,,
2025/10/27,58.5620,,,
2025/10/28,59.1040,,,
2025/10/29,59.1660,,,
2025/10/30,58.5950,,,
2025/10/31,58.7440,,,
2025/11/03,58.6720,,,
2025/11/04,58.6870,,,
2025/11/05,58.6070,,,
2025/11/06,58.7840,,,
2025/11/07,58.9790,,,
2025/11/10,58.9080,,,
2025/11/11,58.8640,,,
2025/11/12,58.9140,,,
2025/11/13,59.1130,,,
2025/11/14,58.8650,,,
2025/11/17,59.0580,,,
2025/11/18,58.8900,,,
2025/11/19,58.8340,,,
2025/11/20,59.0270,,,
2025/11/21,59.0200,,,
2025/11/24,58.7970,,,
2025/11/25,58.8220,,,
2025/11/26,58.7750,,,
2025/11/27,58.7290,,,
2025/11/28,58.7390,,,
2025/12/01,58.5700,,,
2025/12/02,58.3890,,,
2025/12/03,58.6220,,,
2025/12/04,59.0570,,,
2025/12/05,59.0230,,,
2025/12/08,58.9150,,,
2025/12/09,59.0700,,,
2025/12/10,59.1370,,,
2025/12/11,59.0580,,,
2025/12/12,59.0300,,,
2025/12/15,59.0840,,,
2025/12/16,58.9270,,,
2025/12/17,58.6770,,,
2025/12/18,58.6370,,,
2025/12/19,58.5270,,,
2025/12/22,58.6050,,,
2025/12/23,58.6960,,,
2025/12/24,58.7370,,,
2025/12/26,58.7420,,,
2025/12/29,58.7360,,,
2025/12/30,58.7840,,,
2025/12/31,58.8040,,,
2026/01/02,58.8590,,,
2026/01/05,58.7960,,,
2026/01/06,59.0440,,,
2026/01/07,59.2250,,,
2026/01/08,59.1660,,,
2026/01/09,59.0940,,,
2026/01/12,59.1530,,,
2026/01/13,59.2100,,,
2026/01/14,59.3390,,,
2026/01/15,59.3800,,,
2026/01/16,59.3710,,,
2026/01/19,59.3290,,,
2026/01/20,59.4130,,,
2026/01/21,59.2720,,,
2026/01/22,59.1420,,,
2026/01/23,59.0050,,,
2026/01/26,58.9910,,,
2026/01/27,59.0500,,,
2026/01/28,58.8280,,,
2026/01/29,58.8300,,,
2026/01/30,58.9650,,,
2026/02/02,58.8680,,,
2026/02/03,58.8140,,,
2026/02/04,58.9710,,,
2026/02/05,58.8440,,,
2026/02/06,58.6680,,,
2026/02/09,58.4710,,,
2026/02/10,58.4410,,,
2026/02/11,58.4370,,,
2026/02/12,58.2080,,,
2026/02/13,58.0380,,,
2026/02/23,57.9030,,,
2026/02/24,57.6810,,,
2026/02/25,57.7170,,,
2026/02/26,57.5210,,,
2026/03/02,57.8750,,,
2026/03/03,58.1690,,,
2026/03/04,58.5800,,,
2026/03/05,58.3130,,,
2026/03/06,58.8700,,,
2026/03/09,59.5790,,,
2026/03/10,59.1300,,,
2026/03/11,58.8610,,,
2026/03/12,59.5480,,,
2026/03/13,59.4710,,,
2026/03/16,59.8790,,,
2026/03/17,59.6350,,,
2026/03/18,59.5410,,,
2026/03/19,60.2290,,,
2026/03/20,59.8610,,,
2026/03/23,60.1920,,,
2026/03/24,59.8010,,,
2026/03/25,59.9360,,,
2026/03/26,60.2270,,,
2026/03/27,60.3810,,,
2026/03/30,60.6870,,,
2026/03/31,60.6160,,,
2026/04/01,57.2470,,,
2026/04/02,60.3260,,,
2026/04/07,60.1010,,,
2026/04/08,59.5260,,,
2026/04/09,59.5480,,,
2026/04/10,59.7080,,,
2026/04/13,60.2820,,,
2026/04/14,59.8220,,,
2026/04/15,59.8010,,,
2026/04/16,59.9910,,,
2026/04/17,60.0850,,,
2026/04/20,60.0410,,,
2026/04/21,59.9570,,,
2026/04/22,60.0830,,,
2026/04/23,60.3920,,,
2026/04/24,60.6960,,,
2026/04/27,60.6350,,,
2026/04/28,60.7650,,,
2026/04/29,61.4020,,,
2026/04/30,61.6400,,,
2026/05/04,61.2950,,,
2026/05/05,61.7150,,,
2026/05/06,61.3510,,,
2026/05/07,60.8540,,,
2026/05/08,60.5460,,,
2026/05/11,60.6180,,,
2026/05/12,61.3920,,,
2026/05/13,61.5870,,,
2026/05/14,61.4200,,,
2026/05/15,61.6670,,,
2026/05/18,61.6760,,,
2026/05/19,61.5850,,,
2026/05/20,61.6560,,,
2026/05/21,61.5670,,,
2026/05/22,61.5000,,,
2026/05/25,61.3990,,,
2026/05/26,61.5280,,,
2026/05/27,61.5460,,,
2026/05/28,61.6210,,,
2026/05/29,61.3880,,,
2026/06/01,61.7020,,,
2026/06/02,61.7390,,,
2026/06/03,61.6960,,,
2026/06/04,61.6360,,,
2026/06/05,61.5310,,,
2026/06/08,61.6760,,,
2026/06/09,61.6500,,,
2026/06/10,61.5380,,,
2026/06/11,61.3810,,,
2026/06/12,61.0790,,,
2026/06/15,60.6420,,,
2026/06/16,60.4040,,,
2026/06/17,60.2740,,,
2026/06/18,60.5700,,,
2026/06/22,60.8010,,,
2026/06/23,61.2130,,,
2026/06/24,61.4080,,,
2026/06/25,61.2870,,,
2026/06/26,61.2840,,,
2026/06/29,61.2550,,,
2026/06/30,61.2320,,,
2026/07/01,61.5770,,,
2026/07/02,61.6020,,,
2026/07/03,61.4040,,,
2026/07/06,61.4820,,,
2026/07/07,61.3870,,,
2026/07/08,61.5340,,,
2026/07/09,61.5540,,,
2026/07/13,61.5850,,,
2026/07/14,61.6410,,,
2026/07/15,61.6090,,,
2026/07/16,61.6240,,,
2026/07/17,61.5850,,,
2026/07/20,61.6690,,,
2026/07/21,61.6700,,,
2026/07/22,61.7230,,,
2026/07/23,61.7250,,,
2026/07/24,61.8040,,,
2026/07/27,61.6930,,,
2026/07/28,61.6980,,,
2026/07/29,61.5390,,,
2026/07/30,61.3740,,,
2026/07/31,61.3630,,,
2026/08/03,61.0000,,,
2026/08/04,60.8980,,,
2026/08/05,60.9430,,,
2026/08/06,60.6750,,,
2026/08/07,60.9420,,,
2026/08/10,60.7820,,,
2026/08/11,60.9040,,,
2026/08/12,61.3470,,,
2026/08/13,61.2000,,,
2026/08/14,61.4290,,,
2026/08/17,61.5310,,,
2026/08/18,61.5730,,,
2026/08/19,61.8540,,,
2026/08/20,61.5950,,,
2026/08/21,61.6490,,,
2026/08/24,61.7470,,,
2026/08/25,61.7200,,,
2026/08/26,61.5450,,,
2026/08/27,61.6940,,,
2026/08/28,62.1550,,,
2026/08/31,62.3190,,,
2026/09/01,62.3170,,,
2026/09/02,62.5600,,,
2026/09/03,62.4760,,,
2026/09/04,62.3540,,,
2026/09/07,62.7350,,,
2026/09/08,62.5670,,,
2026/09/09,62.4980,,,
2026/09/10,62.5060,,,
2026/09/11,62.7050,,,
2026/09/14,62.8220,,,
2026/09/15,62.8000,,,
2026/09/16,62.6840,,,
2026/09/17,62.7710,2026/09/17 10:00:06,2026/09/17 01:29 UTC,
2026/09/18,62.5750,2026/09/18 10:00:26,2026/09/18 01:29 UTC,
2026/09/21,62.7400,2026/09/21 10:00:31,2026/09/21 01:29 UTC,
2026/09/22,62.6800,2026/09/22 10:00:10,2026/09/22 01:29 UTC,