date,usd_php,quote_time
2026/09/15 11:48:35,62.837
2026/09/15 11:49:36,62.836
2026/09/15 11:52:48,62.838
2026/09/15 11:54:48,62.84
2026/09/15 12:00:52,62.83
2026/09/15 12:01:52,62.86
2026/09/15 12:03:53,62.824
2026/09/15 12:12:13,62.8430
2026/09/15 12:20:34,62.8360
2026/09/15 12:30:54,62.8400
2026/09/16 08:55:25,62.7760
2026/09/16 09:20:14,62.7850
2026/09/16 09:30:33,62.7640
2026/09/16 09:40:50,62.7190
2026/09/16 09:50:10,62.6710
2026/09/16 10:00:32,62.6840
2026/09/16 10:15:38,62.6920
2026/09/16 10:20:50,62.6960
2026/09/17 09:12:52,62.7120
2026/09/17 09:40:46,62.7830
2026/09/17 09:50:50,62.7660
2026/09/17 10:00:06,62.7710,2026/09/17 01:29 UTC
2026/09/17 10:21:52,62.7710,2026/09/17 01:49 UTC
2026/09/17 10:30:08,62.7710,2026/09/17 01:58 UTC
2026/09/17 10:40:29,62.7520,2026/09/17 02:08 UTC
2026/09/17 10:50:49,62.7230,2026/09/17 02:19 UTC
2026/09/17 11:00:07,62.7140,2026/09/17 02:27 UTC
2026/09/17 11:10:27,62.7320,2026/09/17 02:39 UTC
2026/09/17 11:20:45,62.7330,2026/09/17 02:49 UTC
2026/09/17 11:30:03,62.7140,2026/09/17 02:59 UTC
2026/09/17 11:40:22,62.7130,2026/09/17 03:08 UTC
2026/09/17 11:50:40,62.7480,2026/09/17 03:19 UTC
2026/09/17 12:01:02,62.7260,2026/09/17 03:28 UTC
2026/09/17 12:10:21,62.7250,2026/09/17 03:38 UTC
2026/09/17 12:36:02,62.7270,2026/09/17 03:59 UTC
2026/09/17 13:16:08,62.6970,2026/09/17 04:38 UTC
2026/09/17 13:20:22,62.6800,2026/09/17 04:50 UTC
2026/09/17 13:30:30,62.6870,2026/09/17 04:55 UTC
2026/09/17 13:40:03,62.6950,2026/09/17 05:08 UTC
2026/09/17 13:50:07,62.6890,2026/09/17 05:19 UTC
2026/09/17 14:00:11,62.6590,2026/09/17 05:29 UTC
2026/09/17 14:10:15,62.6830,2026/09/17 05:39 UTC
2026/09/17 14:20:18,62.6880,2026/09/17 05:48 UTC
2026/09/17 14:30:23,62.6880,2026/09/17 05:59 UTC
2026/09/17 14:40:26,62.6840,2026/09/17 06:08 UTC
2026/09/17 14:50:31,62.6780,2026/09/17 06:19 UTC
2026/09/17 15:00:03,62.6910,2026/09/17 06:28 UTC
2026/09/17 15:10:06,62.6910,2026/09/17 06:38 UTC
2026/09/17 15:20:10,62.6750,2026/09/17 06:49 UTC
2026/09/17 15:30:15,62.6670,2026/09/17 06:59 UTC
2026/09/17 15:40:18,62.6810,2026/09/17 07:09 UTC
2026/09/17 15:50:23,62.6790,2026/09/17 07:18 UTC
2026/09/17 16:00:26,62.6880,2026/09/17 07:29 UTC
2026/09/17 16:10:30,62.6880,2026/09/17 07:38 UTC
2026/09/17 16:20:03,62.6970,2026/09/17 07:49 UTC
2026/09/17 16:30:06,62.6950,2026/09/17 07:58 UTC
2026/09/17 16:40:10,62.6980,2026/09/17 08:08 UTC
2026/09/17 16:50:15,62.6820,2026/09/17 08:17 UTC
2026/09/17 17:00:18,62.6790,2026/09/17 08:20 UTC
2026/09/17 17:20:26,62.6730,2026/09/17 08:48 UTC
2026/09/17 17:30:31,62.6700,2026/09/17 08:59 UTC
2026/09/17 17:40:04,62.6840,2026/09/17 09:08 UTC
2026/09/17 17:50:07,62.6840,2026/09/17 09:19 UTC
2026/09/17 18:00:14,62.6810,2026/09/17 09:28 UTC
2026/09/17 18:10:18,62.6900,2026/09/17 09:38 UTC
2026/09/17 18:20:21,62.6790,2026/09/17 09:49 UTC
2026/09/17 18:30:26,62.6910,2026/09/17 09:59 UTC
2026/09/17 18:40:01,62.6780,2026/09/17 10:06 UTC
2026/09/17 18:50:06,62.6790,2026/09/17 10:19 UTC
2026/09/17 19:00:12,62.6770,2026/09/17 10:29 UTC
2026/09/17 19:10:15,62.6800,2026/09/17 10:38 UTC
2026/09/17 19:20:20,62.6870,2026/09/17 10:49 UTC
2026/09/17 19:30:26,62.6780,2026/09/17 10:58 UTC
2026/09/17 19:40:28,62.6920,2026/09/17 11:08 UTC
2026/09/17 19:50:01,62.6940,2026/09/17 11:19 UTC
2026/09/17 20:00:03,62.6920,2026/09/17 11:29 UTC
2026/09/17 20:10:10,62.6910,2026/09/17 11:39 UTC
2026/09/17 20:20:15,62.6830,2026/09/17 11:49 UTC
2026/09/17 20:30:18,62.6770,2026/09/17 11:59 UTC
2026/09/17 20:40:23,62.6680,2026/09/17 12:08 UTC
2026/09/17 20:50:27,62.6170,2026/09/17 12:19 UTC
2026/09/17 21:00:29,62.6230,2026/09/17 12:28 UTC
2026/09/17 21:10:04,62.5950,2026/09/17 12:38 UTC
2026/09/17 21:20:09,62.6260,2026/09/17 12:49 UTC
2026/09/17 21:30:13,62.5880,2026/09/17 12:59 UTC
2026/09/17 21:40:17,62.5980,2026/09/17 13:09 UTC
2026/09/17 21:50:19,62.6100,2026/09/17 13:17 UTC
2026/09/17 22:00:27,62.6760,2026/09/17 13:29 UTC
2026/09/17 22:10:33,62.6560,2026/09/17 13:38 UTC
2026/09/17 22:20:04,62.6450,2026/09/17 13:49 UTC
2026/09/17 22:30:08,62.6450,2026/09/17 13:58 UTC
2026/09/17 22:40:09,62.6460,2026/09/17 14:08 UTC
2026/09/17 22:50:13,62.6530,2026/09/17 14:19 UTC
2026/09/17 23:00:18,62.6510,2026/09/17 14:29 UTC
2026/09/17 23:10:22,62.6480,2026/09/17 14:40 UTC
2026/09/17 23:20:26,62.6580,2026/09/17 14:49 UTC
2026/09/17 23:30:30,62.6670,2026/09/17 14:59 UTC
2026/09/17 23:40:02,62.6610,2026/09/17 15:09 UTC
2026/09/17 23:50:09,62.6530,2026/09/17 15:19 UTC
2026/09/18 00:00:12,62.6910,2026/09/17 15:28 UTC
2026/09/18 00:10:16,62.6890,2026/09/17 15:38 UTC
2026/09/18 00:20:21,62.6830,2026/09/17 15:49 UTC
2026/09/18 00:30:24,62.6820,2026/09/17 15:59 UTC
2026/09/18 00:40:28,62.6820,2026/09/17 16:09 UTC
2026/09/18 00:50:31,62.6800,2026/09/17 16:19 UTC
2026/09/18 01:00:05,62.6730,2026/09/17 16:29 UTC
2026/09/18 01:10:13,62.6750,2026/09/17 16:38 UTC
2026/09/18 01:20:15,62.6720,2026/09/17 16:49 UTC
2026/09/18 01:30:21,62.6970,2026/09/17 16:58 UTC
2026/09/18 01:40:26,62.7000,2026/09/17 17:08 UTC
2026/09/18 01:50:29,62.7010,2026/09/17 17:16 UTC
2026/09/18 03:50:15,62.6660,2026/09/17 19:17 UTC
2026/09/18 04:00:16,62.6660,2026/09/17 19:28 UTC
2026/09/18 07:00:14,62.6660,2026/09/17 22:28 UTC
2026/09/18 08:40:23,62.6640,2026/09/18 00:08 UTC
2026/09/18 08:50:26,62.6610,2026/09/18 00:19 UTC
2026/09/18 09:00:31,62.6650,2026/09/18 00:28 UTC
2026/09/18 09:30:14,62.6620,2026/09/18 00:59 UTC
2026/09/18 09:40:18,62.6070,2026/09/18 01:09 UTC
2026/09/18 09:50:22,62.6070,2026/09/18 01:19 UTC
2026/09/18 10:00:26,62.5750,2026/09/18 01:29 UTC
2026/09/18 10:10:31,62.5970,2026/09/18 01:38 UTC
2026/09/18 10:20:03,62.5690,2026/09/18 01:49 UTC
2026/09/18 10:30:08,62.5640,2026/09/18 01:58 UTC
2026/09/18 10:40:11,62.5740,2026/09/18 02:08 UTC
2026/09/18 10:50:17,62.5890,2026/09/18 02:19 UTC
2026/09/18 11:00:21,62.5930,2026/09/18 02:29 UTC
2026/09/18 11:10:24,62.6090,2026/09/18 02:39 UTC
2026/09/18 11:20:01,62.6190,2026/09/18 02:48 UTC
2026/09/18 11:30:07,62.6390,2026/09/18 02:59 UTC
2026/09/18 11:40:09,62.6480,2026/09/18 03:08 UTC
2026/09/18 11:50:14,62.6330,2026/09/18 03:19 UTC
2026/09/18 12:00:17,62.6560,2026/09/18 03:28 UTC
2026/09/18 12:10:22,62.6460,2026/09/18 03:38 UTC
2026/09/18 12:20:28,62.6370,2026/09/18 03:49 UTC
2026/09/18 12:30:01,62.6360,2026/09/18 03:59 UTC
2026/09/18 12:40:07,62.6350,2026/09/18 04:09 UTC
2026/09/18 12:50:11,62.6310,2026/09/18 04:16 UTC
2026/09/18 13:00:15,62.6270,2026/09/18 04:28 UTC
2026/09/18 13:10:20,62.6270,2026/09/18 04:38 UTC
2026/09/18 13:20:23,62.6320,2026/09/18 04:49 UTC
2026/09/18 13:30:00,62.6280,2026/09/18 04:58 UTC
2026/09/18 13:40:06,62.6310,2026/09/18 05:08 UTC
2026/09/18 13:50:09,62.6380,2026/09/18 05:19 UTC
2026/09/18 14:00:15,62.6180,2026/09/18 05:26 UTC
2026/09/18 14:10:21,62.6550,2026/09/18 05:39 UTC
2026/09/18 14:20:24,62.6360,2026/09/18 05:49 UTC
2026/09/18 14:30:29,62.6320,2026/09/18 05:59 UTC
2026/09/18 14:40:03,62.6370,2026/09/18 06:08 UTC
2026/09/18 14:50:07,62.6560,2026/09/18 06:19 UTC
2026/09/18 15:00:14,62.6540,2026/09/18 06:28 UTC
2026/09/18 15:10:20,62.6500,2026/09/18 06:38 UTC
2026/09/18 15:20:23,62.6550,2026/09/18 06:49 UTC
2026/09/18 15:30:28,62.6650,2026/09/18 06:59 UTC
2026/09/18 15:40:00,62.6700,2026/09/18 07:09 UTC
2026/09/18 15:50:06,62.6650,2026/09/18 07:19 UTC
2026/09/18 16:00:08,62.6690,2026/09/18 07:29 UTC
2026/09/18 16:10:13,62.6900,2026/09/18 07:38 UTC
2026/09/18 16:20:17,62.7040,2026/09/18 07:49 UTC
2026/09/18 16:30:19,62.7250,2026/09/18 07:58 UTC
2026/09/18 16:40:25,62.7310,2026/09/18 08:08 UTC
2026/09/18 16:50:30,62.7160,2026/09/18 08:17 UTC
2026/09/18 17:00:00,62.7030,2026/09/18 08:29 UTC
2026/09/18 17:10:04,62.7220,2026/09/18 08:39 UTC
2026/09/18 17:20:08,62.7250,2026/09/18 08:49 UTC
2026/09/18 17:40:15,62.7180,2026/09/18 09:08 UTC
2026/09/18 17:50:18,62.7280,2026/09/18 09:19 UTC
2026/09/18 18:00:22,62.7280,2026/09/18 09:28 UTC
2026/09/18 18:10:25,62.7440,2026/09/18 09:40 UTC
2026/09/18 18:20:28,62.7420,2026/09/18 09:49 UTC
2026/09/18 18:30:01,62.7500,2026/09/18 09:56 UTC
2026/09/18 18:40:06,62.7590,2026/09/18 10:09 UTC
2026/09/18 18:50:14,62.7590,2026/09/18 10:19 UTC
2026/09/18 19:00:19,62.7970,2026/09/18 10:29 UTC
2026/09/18 19:10:24,62.7790,2026/09/18 10:38 UTC
2026/09/18 19:20:31,62.7960,2026/09/18 10:49 UTC
2026/09/18 19:30:04,62.7850,2026/09/18 10:58 UTC
2026/09/18 19:40:08,62.7900,2026/09/18 11:08 UTC
2026/09/18 19:50:15,62.7680,2026/09/18 11:19 UTC
2026/09/18 20:00:20,62.7770,2026/09/18 11:29 UTC
2026/09/18 20:10:32,62.7750,2026/09/18 11:39 UTC
2026/09/18 20:21:43,62.7630,2026/09/18 11:49 UTC
2026/09/18 20:30:13,62.7810,2026/09/18 11:59 UTC
2026/09/18 20:40:19,62.7580,2026/09/18 12:08 UTC
2026/09/18 20:50:26,62.7610,2026/09/18 12:19 UTC
2026/09/18 21:00:28,62.7600,2026/09/18 12:28 UTC
2026/09/18 21:10:03,62.7650,2026/09/18 12:38 UTC
2026/09/18 21:20:07,62.7670,2026/09/18 12:50 UTC
2026/09/18 21:30:11,62.7640,2026/09/18 12:59 UTC
2026/09/18 21:40:19,62.7820,2026/09/18 13:09 UTC
2026/09/18 21:50:27,62.7850,2026/09/18 13:19 UTC
2026/09/18 22:00:32,62.7700,2026/09/18 13:29 UTC
2026/09/18 22:10:06,62.8060,2026/09/18 13:39 UTC
2026/09/18 22:20:13,62.8040,2026/09/18 13:49 UTC
2026/09/18 22:30:22,62.8350,2026/09/18 14:00 UTC
2026/09/18 22:40:26,62.8330,2026/09/18 14:08 UTC
2026/09/18 22:50:29,62.8510,2026/09/18 14:19 UTC
2026/09/18 23:00:04,62.8520,2026/09/18 14:29 UTC
2026/09/18 23:10:07,62.8700,2026/09/18 14:40 UTC
2026/09/18 23:20:14,62.8610,2026/09/18 14:49 UTC
2026/09/18 23:30:22,62.8550,2026/09/18 15:00 UTC
2026/09/18 23:40:27,62.8540,2026/09/18 15:08 UTC
2026/09/18 23:50:01,62.8480,2026/09/18 15:19 UTC
2026/09/19 00:00:10,62.8560,2026/09/18 15:28 UTC
2026/09/19 00:10:12,62.8630,2026/09/18 15:38 UTC
2026/09/19 00:20:17,62.8630,2026/09/18 15:50 UTC
2026/09/19 00:30:19,62.8430,2026/09/18 15:59 UTC
2026/09/19 00:40:23,62.8440,2026/09/18 16:09 UTC
2026/09/19 00:50:30,62.8410,2026/09/18 16:19 UTC
2026/09/19 01:00:00,62.8520,2026/09/18 16:29 UTC
2026/09/19 01:10:05,62.8400,2026/09/18 16:38 UTC
2026/09/19 01:20:09,62.8400,2026/09/18 16:49 UTC
2026/09/19 01:30:12,62.8130,2026/09/18 16:58 UTC
2026/09/19 01:40:16,62.8050,2026/09/18 17:01 UTC
2026/09/19 03:30:29,62.8260,2026/09/18 18:54 UTC
2026/09/20 23:34:10,62.8700,2026/09/17 23:00 UTC
2026/09/20 23:34:42,62.8260,2026/09/18 18:54 UTC
2026/09/21 09:40:14,62.7450,2026/09/21 01:09 UTC
2026/09/21 09:50:23,62.7400,2026/09/21 01:19 UTC
2026/09/21 10:00:31,62.7400,2026/09/21 01:29 UTC
2026/09/21 10:10:08,62.7570,2026/09/21 01:38 UTC
2026/09/21 10:20:15,62.7580,2026/09/21 01:49 UTC
2026/09/21 10:30:22,62.7550,2026/09/21 01:58 UTC
2026/09/21 10:40:28,62.7610,2026/09/21 02:08 UTC
2026/09/21 10:50:03,62.7560,2026/09/21 02:17 UTC
2026/09/21 11:00:10,62.7640,2026/09/21 02:29 UTC
2026/09/21 11:10:21,62.7680,2026/09/21 02:38 UTC
2026/09/21 11:20:29,62.7530,2026/09/21 02:49 UTC
2026/09/21 11:30:11,62.7570,2026/09/21 02:59 UTC
2026/09/21 11:40:23,62.7690,2026/09/21 03:08 UTC
2026/09/21 11:50:31,62.7750,2026/09/21 03:19 UTC
2026/09/21 12:00:12,62.7710,2026/09/21 03:28 UTC
2026/09/21 12:10:25,62.7640,2026/09/21 03:38 UTC
2026/09/21 12:20:05,62.7620,2026/09/21 03:49 UTC
2026/09/21 12:30:16,62.7630,2026/09/21 03:59 UTC
2026/09/21 12:40:27,62.7800,2026/09/21 04:09 UTC
2026/09/21 12:50:07,62.7850,2026/09/21 04:16 UTC
2026/09/21 13:00:20,62.7780,2026/09/21 04:22 UTC
2026/09/21 13:10:30,62.7740,2026/09/21 04:38 UTC
2026/09/21 13:20:11,62.7610,2026/09/21 04:49 UTC
2026/09/21 13:30:20,62.7610,2026/09/21 04:51 UTC
2026/09/21 13:40:29,62.7690,2026/09/21 05:08 UTC
2026/09/21 13:50:07,62.7860,2026/09/21 05:19 UTC
2026/09/21 14:00:14,62.7680,2026/09/21 05:27 UTC
2026/09/21 14:10:22,62.7730,2026/09/21 05:38 UTC
2026/09/21 14:20:29,62.7700,2026/09/21 05:49 UTC
2026/09/21 14:30:04,62.7800,2026/09/21 05:58 UTC
2026/09/21 14:40:16,62.7810,2026/09/21 06:09 UTC
2026/09/21 14:50:22,62.7780,2026/09/21 06:19 UTC
2026/09/21 15:00:28,62.7790,2026/09/21 06:28 UTC
2026/09/21 15:10:04,62.7610,2026/09/21 06:38 UTC
2026/09/21 15:20:12,62.7600,2026/09/21 06:47 UTC
2026/09/21 15:30:19,62.7590,2026/09/21 06:59 UTC
2026/09/21 15:40:28,62.7710,2026/09/21 07:08 UTC
2026/09/21 15:50:05,62.7760,2026/09/21 07:18 UTC
2026/09/21 16:00:15,62.7770,2026/09/21 07:29 UTC
2026/09/21 16:10:22,62.7920,2026/09/21 07:38 UTC
2026/09/21 16:20:30,62.7900,2026/09/21 07:49 UTC
2026/09/21 16:30:09,62.7830,2026/09/21 07:58 UTC
2026/09/21 16:40:18,62.7670,2026/09/21 08:08 UTC
2026/09/21 16:50:28,62.7210,2026/09/21 08:19 UTC
2026/09/21 17:00:04,62.7210,2026/09/21 08:28 UTC
2026/09/21 17:10:09,62.7220,2026/09/21 08:29 UTC
2026/09/21 17:40:01,62.7290,2026/09/21 09:08 UTC
2026/09/21 17:50:22,62.7410,2026/09/21 09:19 UTC
2026/09/21 18:00:29,62.7410,2026/09/21 09:28 UTC
2026/09/21 18:10:03,62.7540,2026/09/21 09:38 UTC
2026/09/21 18:20:09,62.7640,2026/09/21 09:49 UTC
2026/09/21 18:30:12,62.7650,2026/09/21 09:58 UTC
2026/09/21 18:40:19,62.7710,2026/09/21 10:09 UTC
2026/09/21 18:50:23,62.7700,2026/09/21 10:19 UTC
2026/09/21 19:00:29,62.7700,2026/09/21 10:29 UTC
2026/09/21 19:10:06,62.7670,2026/09/21 10:38 UTC
2026/09/21 19:20:12,62.7580,2026/09/21 10:49 UTC
2026/09/21 19:30:16,62.7550,2026/09/21 10:55 UTC
2026/09/21 19:40:28,62.7530,2026/09/21 11:08 UTC
2026/09/21 19:50:07,62.7500,2026/09/21 11:19 UTC
2026/09/21 20:00:13,62.7480,2026/09/21 11:29 UTC
2026/09/21 20:10:19,62.7480,2026/09/21 11:39 UTC
2026/09/21 20:20:22,62.7460,2026/09/21 11:49 UTC
2026/09/21 20:30:31,62.7460,2026/09/21 12:00 UTC
2026/09/21 20:40:02,62.7460,2026/09/21 12:06 UTC
2026/09/21 20:50:11,62.7470,2026/09/21 12:18 UTC
2026/09/21 21:00:20,62.7460,2026/09/21 12:28 UTC
2026/09/21 21:10:28,62.7380,2026/09/21 12:38 UTC
2026/09/21 21:20:05,62.7360,2026/09/21 12:49 UTC
2026/09/21 21:30:12,62.7270,2026/09/21 12:59 UTC
2026/09/21 21:40:16,62.7380,2026/09/21 13:09 UTC
2026/09/21 21:50:23,62.7290,2026/09/21 13:19 UTC
2026/09/21 22:00:27,62.7270,2026/09/21 13:29 UTC
2026/09/21 22:10:02,62.7350,2026/09/21 13:39 UTC
2026/09/21 22:20:12,62.7320,2026/09/21 13:49 UTC
2026/09/21 22:30:15,62.7370,2026/09/21 13:58 UTC
2026/09/21 22:40:26,62.7350,2026/09/21 14:08 UTC
2026/09/21 22:50:32,62.7340,2026/09/21 14:19 UTC
2026/09/21 23:00:03,62.7400,2026/09/21 14:29 UTC
2026/09/21 23:10:11,62.7390,2026/09/21 14:39 UTC
2026/09/21 23:20:14,62.7320,2026/09/21 14:49 UTC
2026/09/21 23:30:28,62.7320,2026/09/21 14:59 UTC
2026/09/21 23:40:00,62.7320,2026/09/21 15:08 UTC
2026/09/21 23:50:03,62.7100,2026/09/21 15:19 UTC
2026/09/22 00:00:09,62.7420,2026/09/21 15:30 UTC
2026/09/22 00:10:14,62.7310,2026/09/21 15:38 UTC
2026/09/22 00:20:17,62.7200,2026/09/21 15:49 UTC
2026/09/22 00:30:24,62.7170,2026/09/21 15:59 UTC
2026/09/22 00:40:27,62.6960,2026/09/21 16:09 UTC
2026/09/22 00:50:02,62.6930,2026/09/21 16:19 UTC
2026/09/22 01:00:08,62.6920,2026/09/21 16:29 UTC
2026/09/22 01:10:11,62.6920,2026/09/21 16:38 UTC
2026/09/22 01:20:20,62.6910,2026/09/21 16:49 UTC
2026/09/22 01:30:25,62.6860,2026/09/21 16:58 UTC
2026/09/22 01:40:28,62.6870,2026/09/21 17:08 UTC
2026/09/22 01:50:01,62.6860,2026/09/21 17:19 UTC
2026/09/22 02:00:04,62.6860,2026/09/21 17:20 UTC
2026/09/22 03:20:09,62.7070,2026/09/21 18:47 UTC
2026/09/22 04:10:32,62.7150,2026/09/21 19:30 UTC
2026/09/22 04:20:03,62.7150,2026/09/21 19:45 UTC
2026/09/22 06:50:03,62.7090,2026/09/21 22:10 UTC
2026/09/22 07:50:24,62.7100,2026/09/21 23:11 UTC
2026/09/22 08:10:03,62.7440,2026/09/21 23:35 UTC
2026/09/22 08:20:09,62.7130,2026/09/21 23:40 UTC
2026/09/22 09:40:29,62.6370,2026/09/22 01:09 UTC
2026/09/22 09:50:05,62.6700,2026/09/22 01:19 UTC
2026/09/22 10:00:10,62.6800,2026/09/22 01:29 UTC
2026/09/22 10:10:25,62.6740,2026/09/22 01:38 UTC
2026/09/22 10:20:01,62.6730,2026/09/22 01:48 UTC
2026/09/22 10:30:12,62.6760,2026/09/22 01:58 UTC
2026/09/22 10:40:21,62.6760,2026/09/22 02:08 UTC
2026/09/22 10:50:29,62.6710,2026/09/22 02:19 UTC
2026/09/22 11:00:02,62.6760,2026/09/22 02:29 UTC
2026/09/22 11:10:10,62.6740,2026/09/22 02:39 UTC
2026/09/22 11:20:14,62.6540,2026/09/22 02:47 UTC
2026/09/22 11:30:20,62.6490,2026/09/22 02:59 UTC
2026/09/22 11:40:29,62.6660,2026/09/22 03:08 UTC
2026/09/22 11:50:03,62.6700,2026/09/22 03:18 UTC
2026/09/22 12:00:11,62.6650,2026/09/22 03:28 UTC
2026/09/22 12:10:17,62.6590,2026/09/22 03:38 UTC
2026/09/22 12:20:24,62.6480,2026/09/22 03:49 UTC
2026/09/22 12:30:29,62.6400,2026/09/22 03:58 UTC
2026/09/22 12:40:02,62.6400,2026/09/22 04:08 UTC
2026/09/22 12:50:10,62.6310,2026/09/22 04:19 UTC
2026/09/22 13:00:16,62.6300,2026/09/22 04:28 UTC
2026/09/22 13:10:19,62.6310,2026/09/22 04:38 UTC
2026/09/22 13:20:23,62.6310,2026/09/22 04:49 UTC
2026/09/22 13:30:32,62.6190,2026/09/22 04:53 UTC
2026/09/22 13:40:03,62.6160,2026/09/22 05:08 UTC
2026/09/22 13:50:08,62.6180,2026/09/22 05:16 UTC
2026/09/22 14:00:12,62.6180,2026/09/22 05:27 UTC
2026/09/22 14:10:16,62.6200,2026/09/22 05:39 UTC
2026/09/22 14:20:23,62.6280,2026/09/22 05:49 UTC
2026/09/22 14:30:26,62.6290,2026/09/22 05:59 UTC
2026/09/22 14:40:02,62.6520,2026/09/22 06:08 UTC
2026/09/22 14:50:13,62.6680,2026/09/22 06:19 UTC
2026/09/22 15:00:17,62.6720,2026/09/22 06:25 UTC
2026/09/22 15:10:24,62.6660,2026/09/22 06:38 UTC
2026/09/22 15:20:01,62.6550,2026/09/22 06:46 UTC
2026/09/22 15:30:04,62.6500,2026/09/22 06:59 UTC
2026/09/22 15:40:13,62.6480,2026/09/22 07:09 UTC
2026/09/22 15:50:19,62.6480,2026/09/22 07:17 UTC
2026/09/22 16:00:25,62.6480,2026/09/22 07:26 UTC
2026/09/22 16:10:02,62.6660,2026/09/22 07:38 UTC
2026/09/22 16:20:06,62.6760,2026/09/22 07:49 UTC
2026/09/22 16:30:17,62.6870,2026/09/22 07:58 UTC
2026/09/22 16:40:24,62.6910,2026/09/22 08:06 UTC
2026/09/22 16:50:29,62.6740,2026/09/22 08:19 UTC
2026/09/22 17:00:03,62.6620,2026/09/22 08:28 UTC
2026/09/22 17:20:18,62.6120,2026/09/22 08:49 UTC
2026/09/22 17:30:24,62.6060,2026/09/22 08:59 UTC
2026/09/22 17:40:29,62.5640,2026/09/22 09:08 UTC
2026/09/22 17:50:10,62.5340,2026/09/22 09:19 UTC
2026/09/22 18:00:16,62.5320,2026/09/22 09:28 UTC
2026/09/22 18:10:19,62.5930,2026/09/22 09:38 UTC
2026/09/22 18:20:24,62.5190,2026/09/22 09:50 UTC
2026/09/22 18:30:28,62.4230,2026/09/22 09:59 UTC
2026/09/22 18:40:02,62.3630,2026/09/22 10:09 UTC
2026/09/22 18:50:10,62.4190,2026/09/22 10:17 UTC
2026/09/22 19:00:13,62.4000,2026/09/22 10:29 UTC
2026/09/22 19:10:23,62.5100,2026/09/22 10:38 UTC
2026/09/22 19:20:30,62.5140,2026/09/22 10:49 UTC
2026/09/22 19:30:01,62.4160,2026/09/22 10:58 UTC
2026/09/22 19:40:13,62.4120,2026/09/22 11:08 UTC
2026/09/22 19:50:19,62.4610,2026/09/22 11:19 UTC
2026/09/22 20:00:27,62.4510,2026/09/22 11:29 UTC
2026/09/22 20:10:02,62.4980,2026/09/22 11:39 UTC
2026/09/22 20:20:08,62.4960,2026/09/22 11:49 UTC
2026/09/22 20:30:16,62.4950,2026/09/22 11:59 UTC
2026/09/22 20:40:24,62.4070,2026/09/22 12:08 UTC
2026/09/22 20:50:17,62.4120,2026/09/22 12:19 UTC
2026/09/22 21:00:23,62.4160,2026/09/22 12:28 UTC
2026/09/22 21:10:09,62.4330,2026/09/22 12:38 UTC
2026/09/22 21:20:11,62.4480,2026/09/22 12:50 UTC
2026/09/22 21:30:30,62.4740,2026/09/22 12:59 UTC
2026/09/22 21:40:00,62.4490,2026/09/22 13:09 UTC
2026/09/22 21:50:11,62.4580,2026/09/22 13:19 UTC
2026/09/22 22:00:17,62.4710,2026/09/22 13:29 UTC
2026/09/22 22:10:19,62.3970,2026/09/22 13:38 UTC
2026/09/22 22:20:28,62.3650,2026/09/22 13:49 UTC
2026/09/22 22:30:34,62.3000,2026/09/22 13:58 UTC
2026/09/22 22:40:04,62.3510,2026/09/22 14:08 UTC
2026/09/22 22:50:10,62.3800,2026/09/22 14:19 UTC
2026/09/22 23:00:13,62.3980,2026/09/22 14:29 UTC
2026/09/22 23:10:15,62.3940,2026/09/22 14:39 UTC
2026/09/22 23:20:21,62.4690,2026/09/22 14:49 UTC
2026/09/22 23:30:24,62.4560,2026/09/22 14:59 UTC
2026/09/22 23:40:29,62.4300,2026/09/22 15:09 UTC
2026/09/22 23:50:03,62.4220,2026/09/22 15:20 UTC
2026/09/23 00:00:06,62.4220,2026/09/22 15:28 UTC
2026/09/23 00:10:10,62.4310,2026/09/22 15:38 UTC
2026/09/23 00:20:16,62.4300,2026/09/22 15:49 UTC
2026/09/23 00:30:19,62.4290,2026/09/22 15:59 UTC
2026/09/23 00:40:28,62.4600,2026/09/22 16:09 UTC
2026/09/23 00:50:31,62.4730,2026/09/22 16:19 UTC
2026/09/23 01:00:03,62.4720,2026/09/22 16:29 UTC
2026/09/23 01:10:12,62.5050,2026/09/22 16:38 UTC
2026/09/23 01:20:14,62.5020,2026/09/22 16:49 UTC
2026/09/23 01:30:18,62.4870,2026/09/22 16:58 UTC
2026/09/23 01:40:21,62.4910,2026/09/22 17:07 UTC
2026/09/23 01:50:25,62.4910,2026/09/22 17:16 UTC
2026/09/23 09:40:14,62.5440,2026/09/23 01:09 UTC
2026/09/23 09:50:17,62.5520,2026/09/23 01:19 UTC
2026/09/23 10:00:23,62.5610,2026/09/23 01:29 UTC
2026/09/23 10:10:02,62.5540,2026/09/23 01:38 UTC
2026/09/23 10:20:06,62.5700,2026/09/23 01:49 UTC
2026/09/23 10:30:15,62.5760,2026/09/23 01:58 UTC
2026/09/23 10:40:20,62.5510,2026/09/23 02:08 UTC
2026/09/23 10:50:28,62.5460,2026/09/23 02:16 UTC
2026/09/23 11:00:05,62.5600,2026/09/23 02:29 UTC
2026/09/23 11:10:09,62.5600,2026/09/23 02:39 UTC
2026/09/23 11:20:17,62.5590,2026/09/23 02:48 UTC
2026/09/23 11:30:26,62.5350,2026/09/23 02:59 UTC
2026/09/23 11:40:31,62.5360,2026/09/23 03:08 UTC
2026/09/23 11:50:05,62.5340,2026/09/23 03:19 UTC
2026/09/23 12:00:10,62.5360,2026/09/23 03:27 UTC
2026/09/23 12:10:23,62.5450,2026/09/23 03:38 UTC
2026/09/23 12:20:03,62.5400,2026/09/23 03:49 UTC
2026/09/23 12:30:06,62.5760,2026/09/23 03:59 UTC
2026/09/23 12:40:13,62.5800,2026/09/23 04:09 UTC
2026/09/23 12:50:17,62.5580,2026/09/23 04:19 UTC
2026/09/23 13:00:24,62.5500,2026/09/23 04:28 UTC
2026/09/23 13:10:02,62.5500,2026/09/23 04:31 UTC
2026/09/23 13:20:03,62.5500,2026/09/23 04:49 UTC
2026/09/23 13:30:12,62.5310,2026/09/23 04:57 UTC
2026/09/23 13:40:18,62.5510,2026/09/23 05:08 UTC
2026/09/23 13:50:22,62.5540,2026/09/23 05:19 UTC
2026/09/23 14:00:29,62.5540,2026/09/23 05:20 UTC
2026/09/23 14:10:02,62.5480,2026/09/23 05:39 UTC
2026/09/23 14:20:06,62.5450,2026/09/23 05:48 UTC
2026/09/23 14:30:14,62.5500,2026/09/23 05:59 UTC
2026/09/23 14:40:17,62.5930,2026/09/23 06:08 UTC
2026/09/23 14:50:22,62.6330,2026/09/23 06:19 UTC
2026/09/23 15:00:28,62.6330,2026/09/23 06:28 UTC
2026/09/23 15:10:00,62.6360,2026/09/23 06:36 UTC
2026/09/23 15:20:07,62.6360,2026/09/23 06:47 UTC
2026/09/23 15:30:13,62.6160,2026/09/23 06:59 UTC
2026/09/23 15:40:20,62.6350,2026/09/23 07:09 UTC
2026/09/23 15:50:25,62.6260,2026/09/23 07:17 UTC
2026/09/23 16:00:01,62.6250,2026/09/23 07:29 UTC
2026/09/23 16:10:08,62.6380,2026/09/23 07:38 UTC
2026/09/23 16:20:13,62.6360,2026/09/23 07:49 UTC
2026/09/23 16:30:14,62.5680,2026/09/23 07:58 UTC
2026/09/23 16:40:22,62.5490,2026/09/23 08:08 UTC
2026/09/23 16:50:26,62.5490,2026/09/23 08:19 UTC
2026/09/23 17:00:01,62.5510,2026/09/23 08:20 UTC
2026/09/23 17:40:23,62.5200,2026/09/23 09:08 UTC
2026/09/23 17:50:28,62.5090,2026/09/23 09:19 UTC
2026/09/23 18:00:02,62.5120,2026/09/23 09:28 UTC
2026/09/23 18:10:07,62.4970,2026/09/23 09:38 UTC
2026/09/23 18:20:15,62.4930,2026/09/23 09:49 UTC
2026/09/23 18:30:20,62.4810,2026/09/23 09:59 UTC
2026/09/23 18:40:23,62.5130,2026/09/23 10:09 UTC
2026/09/23 18:50:29,62.4850,2026/09/23 10:19 UTC
2026/09/23 19:00:06,62.4950,2026/09/23 10:29 UTC
2026/09/23 19:10:08,62.4940,2026/09/23 10:38 UTC
2026/09/23 19:20:15,62.4530,2026/09/23 10:49 UTC
2026/09/23 19:30:24,62.4440,2026/09/23 10:58 UTC
2026/09/23 19:40:08,62.4440,2026/09/23 11:08 UTC
2026/09/23 19:50:14,62.4480,2026/09/23 11:20 UTC
2026/09/23 20:00:28,62.4500,2026/09/23 11:28 UTC
2026/09/23 20:10:01,62.4520,2026/09/23 11:39 UTC
2026/09/23 20:20:08,62.4690,2026/09/23 11:49 UTC
2026/09/23 20:30:10,62.4820,2026/09/23 11:59 UTC
2026/09/23 20:40:15,62.4890,2026/09/23 12:08 UTC
2026/09/23 20:50:21,62.5130,2026/09/23 12:19 UTC
2026/09/23 21:00:25,62.5580,2026/09/23 12:28 UTC
2026/09/23 21:10:31,62.5690,2026/09/23 12:38 UTC
2026/09/23 21:21:00,62.5670,2026/09/23 12:49 UTC
2026/09/23 21:30:32,62.5700,2026/09/23 12:59 UTC
2026/09/23 21:40:08,62.5680,2026/09/23 13:09 UTC
2026/09/23 21:50:11,62.5730,2026/09/23 13:19 UTC
2026/09/23 22:00:19,62.5540,2026/09/23 13:29 UTC
2026/09/23 22:10:28,62.5510,2026/09/23 13:38 UTC
2026/09/23 22:20:03,62.5840,2026/09/23 13:49 UTC
2026/09/23 22:30:07,62.6260,2026/09/23 13:58 UTC
2026/09/23 22:40:12,62.6290,2026/09/23 14:10 UTC
2026/09/23 22:50:15,62.6230,2026/09/23 14:20 UTC
2026/09/23 23:00:19,62.6550,2026/09/23 14:29 UTC
2026/09/23 23:10:22,62.6690,2026/09/23 14:39 UTC
2026/09/23 23:20:29,62.6930,2026/09/23 14:49 UTC
2026/09/23 23:30:33,62.6320,2026/09/23 14:59 UTC
2026/09/23 23:40:04,62.6610,2026/09/23 15:08 UTC
2026/09/23 23:50:10,62.6450,2026/09/23 15:19 UTC
2026/09/24 00:00:15,62.6440,2026/09/23 15:28 UTC
2026/09/24 00:10:17,62.6560,2026/09/23 15:38 UTC
2026/09/24 00:20:26,62.6860,2026/09/23 15:49 UTC
2026/09/24 00:30:31,62.6940,2026/09/23 15:59 UTC
2026/09/24 00:40:04,62.6890,2026/09/23 16:09 UTC
2026/09/24 00:50:07,62.6940,2026/09/23 16:19 UTC
2026/09/24 01:00:09,62.6910,2026/09/23 16:30 UTC
2026/09/24 01:10:15,62.6820,2026/09/23 16:38 UTC
2026/09/24 01:20:19,62.6780,2026/09/23 16:49 UTC
2026/09/24 01:30:22,62.7420,2026/09/23 16:58 UTC
2026/09/24 01:40:27,62.7160,2026/09/23 17:08 UTC
2026/09/24 01:50:31,62.7390,2026/09/23 17:19 UTC
2026/09/24 02:00:02,62.6880,2026/09/23 17:29 UTC
2026/09/24 02:10:07,62.6920,2026/09/23 17:39 UTC
2026/09/24 02:20:09,62.6700,2026/09/23 17:49 UTC
2026/09/24 02:30:13,62.6720,2026/09/23 17:58 UTC
2026/09/24 09:40:03,62.7380,2026/09/24 01:09 UTC
2026/09/24 09:50:10,62.7100,2026/09/24 01:19 UTC
2026/09/24 10:00:13,62.7140,2026/09/24 01:29 UTC
2026/09/24 10:10:19,62.7240,2026/09/24 01:38 UTC
2026/09/24 10:20:22,62.7400,2026/09/24 01:49 UTC
2026/09/24 10:30:25,62.7360,2026/09/24 01:58 UTC
2026/09/24 10:40:29,62.7200,2026/09/24 02:08 UTC
2026/09/24 10:50:00,62.7360,2026/09/24 02:19 UTC
2026/09/24 11:00:05,62.7370,2026/09/24 02:28 UTC
2026/09/24 11:10:11,62.7030,2026/09/24 02:39 UTC
2026/09/24 11:20:15,62.7100,2026/09/24 02:49 UTC
2026/09/24 11:30:21,62.7070,2026/09/24 02:59 UTC
2026/09/24 11:40:25,62.7000,2026/09/24 03:08 UTC
2026/09/24 11:50:28,62.6980,2026/09/24 03:19 UTC
2026/09/24 12:00:01,62.6980,2026/09/24 03:28 UTC
2026/09/24 12:10:05,62.7180,2026/09/24 03:38 UTC
2026/09/24 12:20:11,62.7190,2026/09/24 03:49 UTC
2026/09/24 12:30:16,62.7100,2026/09/24 03:59 UTC
2026/09/24 12:40:20,62.7110,2026/09/24 04:08 UTC
2026/09/24 12:50:28,62.7100,2026/09/24 04:17 UTC
2026/09/24 13:00:05,62.7070,2026/09/24 04:25 UTC
2026/09/24 13:10:10,62.7060,2026/09/24 04:38 UTC
2026/09/24 13:20:15,62.7020,2026/09/24 04:47 UTC
2026/09/24 13:30:19,62.6970,2026/09/24 04:58 UTC
2026/09/24 13:40:25,62.6950,2026/09/24 05:06 UTC
2026/09/24 13:50:31,62.6970,2026/09/24 05:16 UTC
2026/09/24 14:00:03,62.6940,2026/09/24 05:29 UTC
2026/09/24 14:10:08,62.6960,2026/09/24 05:39 UTC
2026/09/24 14:20:13,62.6960,2026/09/24 05:47 UTC
2026/09/24 14:30:16,62.7100,2026/09/24 05:59 UTC
2026/09/24 14:40:22,62.7280,2026/09/24 06:08 UTC
2026/09/24 14:50:24,62.7340,2026/09/24 06:19 UTC
2026/09/24 15:00:29,62.7200,2026/09/24 06:27 UTC
2026/09/24 15:10:05,62.7310,2026/09/24 06:38 UTC
2026/09/24 15:20:08,62.7340,2026/09/24 06:49 UTC
2026/09/24 15:30:13,62.7140,2026/09/24 06:59 UTC
2026/09/24 15:40:18,62.7370,2026/09/24 07:09 UTC
2026/09/24 15:50:23,62.7350,2026/09/24 07:19 UTC
2026/09/24 16:00:29,62.7300,2026/09/24 07:29 UTC
2026/09/24 16:10:31,62.7250,2026/09/24 07:38 UTC
2026/09/24 16:20:04,62.7050,2026/09/24 07:49 UTC
2026/09/24 16:30:10,62.7130,2026/09/24 07:58 UTC
2026/09/24 16:40:13,62.7150,2026/09/24 08:08 UTC
2026/09/24 16:50:18,62.7180,2026/09/24 08:16 UTC
2026/09/24 17:00:26,62.7310,2026/09/24 08:27 UTC
2026/09/24 17:10:30,62.7220,2026/09/24 08:36 UTC
2026/09/24 17:30:06,62.7030,2026/09/24 08:59 UTC
2026/09/24 17:40:12,62.7320,2026/09/24 09:08 UTC
2026/09/24 17:50:16,62.7250,2026/09/24 09:19 UTC
2026/09/24 18:00:19,62.7240,2026/09/24 09:28 UTC
2026/09/24 18:10:23,62.7210,2026/09/24 09:38 UTC
2026/09/24 18:20:28,62.7230,2026/09/24 09:49 UTC
2026/09/24 18:30:31,62.7220,2026/09/24 09:59 UTC
2026/09/24 18:40:04,62.7020,2026/09/24 10:09 UTC
2026/09/24 18:50:08,62.7000,2026/09/24 10:19 UTC
2026/09/24 19:00:13,62.7140,2026/09/24 10:29 UTC
2026/09/24 19:10:19,62.6940,2026/09/24 10:38 UTC
2026/09/24 19:20:22,62.7120,2026/09/24 10:48 UTC
2026/09/24 19:30:28,62.7010,2026/09/24 10:58 UTC
2026/09/24 19:40:08,62.6970,2026/09/24 11:08 UTC
2026/09/24 19:50:13,62.6990,2026/09/24 11:19 UTC
2026/09/24 20:00:18,62.6900,2026/09/24 11:29 UTC
2026/09/24 20:10:20,62.6980,2026/09/24 11:39 UTC
2026/09/24 20:20:28,62.6950,2026/09/24 11:49 UTC
2026/09/24 20:30:05,62.6960,2026/09/24 11:59 UTC
2026/09/24 20:40:14,62.6930,2026/09/24 12:08 UTC
2026/09/24 20:50:21,62.6990,2026/09/24 12:19 UTC
2026/09/24 21:00:29,62.6930,2026/09/24 12:28 UTC
2026/09/24 21:10:01,62.7000,2026/09/24 12:38 UTC
2026/09/24 21:20:09,62.6970,2026/09/24 12:49 UTC
2026/09/24 21:30:12,62.6860,2026/09/24 12:59 UTC
2026/09/24 21:40:19,62.6840,2026/09/24 13:09 UTC
2026/09/24 21:50:25,62.6870,2026/09/24 13:19 UTC
2026/09/24 22:00:32,62.6880,2026/09/24 13:29 UTC
2026/09/24 22:10:08,62.6880,2026/09/24 13:38 UTC
2026/09/24 22:20:25,62.6910,2026/09/24 13:49 UTC
2026/09/24 22:30:29,62.6850,2026/09/24 13:58 UTC
2026/09/24 22:40:14,62.6930,2026/09/24 14:08 UTC
2026/09/24 22:50:22,62.7120,2026/09/24 14:19 UTC
2026/09/24 23:00:27,62.7160,2026/09/24 14:29 UTC
2026/09/24 23:10:01,62.7120,2026/09/24 14:39 UTC
2026/09/24 23:20:02,62.7150,2026/09/24 14:49 UTC
2026/09/24 23:30:10,62.7260,2026/09/24 14:59 UTC
2026/09/24 23:40:17,62.7330,2026/09/24 15:08 UTC
2026/09/24 23:50:20,62.7400,2026/09/24 15:19 UTC
2026/09/25 00:00:13,62.7460,2026/09/24 15:28 UTC
2026/09/25 00:10:18,62.7780,2026/09/24 15:38 UTC
2026/09/25 00:20:22,62.7760,2026/09/24 15:49 UTC
2026/09/25 00:30:30,62.7840,2026/09/24 15:59 UTC
2026/09/25 00:40:08,62.7770,2026/09/24 16:09 UTC
2026/09/25 00:50:19,62.7170,2026/09/24 16:19 UTC
2026/09/25 01:00:25,62.7010,2026/09/24 16:29 UTC
2026/09/25 01:10:27,62.6980,2026/09/24 16:38 UTC
2026/09/25 01:20:32,62.6930,2026/09/24 16:49 UTC
2026/09/25 01:30:05,62.6860,2026/09/24 16:58 UTC
2026/09/25 01:40:08,62.7030,2026/09/24 17:08 UTC
2026/09/25 01:50:14,62.7040,2026/09/24 17:15 UTC
2026/09/25 02:00:16,62.6940,2026/09/24 17:21 UTC
2026/09/25 02:40:03,62.7160,2026/09/24 18:08 UTC
2026/09/25 02:50:08,62.7090,2026/09/24 18:18 UTC
2026/09/25 03:00:16,62.7080,2026/09/24 18:28 UTC
2026/09/25 03:10:21,62.7070,2026/09/24 18:36 UTC
2026/09/25 04:50:09,62.7060,2026/09/24 20:17 UTC
2026/09/25 05:00:14,62.7060,2026/09/24 20:21 UTC
2026/09/25 05:08:42,62.7060,2026/09/24 20:17 UTC
2026/09/25 05:10:17,62.6830,2026/09/24 20:35 UTC
2026/09/25 05:20:25,62.7010,2026/09/24 20:43 UTC
2026/09/25 07:30:20,62.6880,2026/09/24 22:55 UTC
2026/09/25 07:50:30,62.6880,2026/09/24 23:14 UTC
2026/09/25 08:30:16,62.7040,2026/09/24 23:55 UTC
2026/09/25 08:40:19,62.6910,2026/09/25 00:04 UTC
2026/09/25 08:50:24,62.6960,2026/09/25 00:19 UTC
2026/09/25 09:00:29,62.6920,2026/09/25 00:28 UTC
2026/09/25 09:10:32,62.6950,2026/09/25 00:32 UTC
2026/09/25 09:40:16,62.6700,2026/09/25 01:09 UTC
2026/09/25 09:50:21,62.6670,2026/09/25 01:19 UTC
2026/09/25 10:00:26,62.6710,2026/09/25 01:29 UTC
2026/09/25 10:10:32,62.6690,2026/09/25 01:38 UTC
2026/09/25 10:20:07,62.6730,2026/09/25 01:49 UTC
2026/09/25 10:30:11,62.6730,2026/09/25 01:55 UTC
2026/09/25 10:40:17,62.6170,2026/09/25 02:08 UTC
2026/09/25 10:50:24,62.6280,2026/09/25 02:19 UTC
2026/09/25 11:00:30,62.6280,2026/09/25 02:29 UTC
2026/09/25 11:10:07,62.6190,2026/09/25 02:39 UTC
2026/09/25 11:20:12,62.6280,2026/09/25 02:49 UTC
2026/09/25 11:30:18,62.6180,2026/09/25 02:59 UTC
2026/09/25 11:40:27,62.6060,2026/09/25 03:08 UTC
2026/09/25 11:50:30,62.6070,2026/09/25 03:17 UTC
2026/09/25 12:00:06,62.6010,2026/09/25 03:28 UTC
2026/09/25 12:10:13,62.5960,2026/09/25 03:38 UTC
2026/09/25 12:20:19,62.5440,2026/09/25 03:49 UTC
2026/09/25 12:30:27,62.5430,2026/09/25 03:59 UTC
2026/09/25 12:39:59,62.5340,2026/09/25 04:09 UTC
2026/09/25 12:50:08,62.5370,2026/09/25 04:19 UTC
2026/09/25 13:00:15,62.5300,2026/09/25 04:29 UTC
2026/09/25 13:10:21,62.5310,2026/09/25 04:36 UTC
2026/09/25 13:20:27,62.5180,2026/09/25 04:49 UTC
2026/09/25 13:30:07,62.5160,2026/09/25 04:57 UTC
2026/09/25 13:40:11,62.5170,2026/09/25 05:07 UTC
2026/09/25 13:50:18,62.5140,2026/09/25 05:19 UTC
2026/09/25 14:00:28,62.5140,2026/09/25 05:28 UTC
2026/09/25 14:10:02,62.5250,2026/09/25 05:39 UTC
2026/09/25 14:20:09,62.5260,2026/09/25 05:49 UTC
2026/09/25 14:30:13,62.5250,2026/09/25 05:59 UTC
2026/09/25 14:40:26,62.5390,2026/09/25 06:05 UTC
2026/09/25 14:50:04,62.5680,2026/09/25 06:19 UTC
2026/09/25 15:00:09,62.5540,2026/09/25 06:28 UTC
2026/09/25 15:10:17,62.5200,2026/09/25 06:38 UTC
2026/09/25 15:20:23,62.5240,2026/09/25 06:49 UTC
2026/09/25 15:30:29,62.4820,2026/09/25 06:59 UTC
2026/09/25 15:40:04,62.4730,2026/09/25 07:09 UTC
2026/09/25 15:50:09,62.4780,2026/09/25 07:19 UTC
2026/09/25 16:00:15,62.5290,2026/09/25 07:29 UTC
2026/09/25 16:10:23,62.5330,2026/09/25 07:38 UTC
2026/09/25 16:20:28,62.4670,2026/09/25 07:49 UTC
2026/09/25 16:30:02,62.4380,2026/09/25 07:58 UTC
2026/09/25 16:40:09,62.4300,2026/09/25 08:08 UTC
2026/09/25 16:50:13,62.3860,2026/09/25 08:19 UTC
2026/09/25 17:00:20,62.4140,2026/09/25 08:29 UTC
2026/09/25 17:10:26,62.4080,2026/09/25 08:39 UTC
2026/09/25 17:20:32,62.4200,2026/09/25 08:49 UTC
2026/09/25 17:30:05,62.4150,2026/09/25 08:56 UTC
2026/09/25 17:40:09,62.4350,2026/09/25 09:09 UTC
2026/09/25 17:50:17,62.4350,2026/09/25 09:19 UTC
2026/09/25 18:00:25,62.4600,2026/09/25 09:28 UTC
2026/09/25 18:10:30,62.4580,2026/09/25 09:38 UTC
2026/09/25 18:20:05,62.4570,2026/09/25 09:49 UTC
2026/09/25 18:30:10,62.4550,2026/09/25 09:58 UTC
2026/09/25 18:40:20,62.4340,2026/09/25 10:09 UTC
2026/09/25 18:50:02,62.4490,2026/09/25 10:19 UTC
2026/09/25 19:00:07,62.4560,2026/09/25 10:29 UTC
2026/09/25 19:10:15,62.4530,2026/09/25 10:39 UTC
2026/09/25 19:20:22,62.4530,2026/09/25 10:49 UTC
2026/09/25 19:30:27,62.4530,2026/09/25 10:58 UTC
2026/09/25 19:40:07,62.4300,2026/09/25 11:08 UTC
2026/09/25 19:50:13,62.4390,2026/09/25 11:20 UTC
2026/09/25 20:00:24,62.3790,2026/09/25 11:29 UTC
2026/09/25 20:10:00,62.4280,2026/09/25 11:39 UTC
2026/09/25 20:20:06,62.4380,2026/09/25 11:49 UTC
2026/09/25 20:30:18,62.4320,2026/09/25 11:59 UTC
2026/09/25 20:40:26,62.4300,2026/09/25 12:08 UTC
2026/09/25 20:50:01,62.4210,2026/09/25 12:19 UTC
2026/09/25 21:00:07,62.4280,2026/09/25 12:28 UTC
2026/09/25 21:10:12,62.4130,2026/09/25 12:38 UTC
2026/09/25 21:20:23,62.4380,2026/09/25 12:46 UTC
2026/09/25 21:30:31,62.4520,2026/09/25 12:59 UTC
2026/09/25 21:40:07,62.4350,2026/09/25 13:09 UTC
2026/09/25 21:50:17,62.4300,2026/09/25 13:19 UTC
2026/09/25 22:00:30,62.4400,2026/09/25 13:29 UTC
2026/09/25 22:10:03,62.4370,2026/09/25 13:38 UTC
2026/09/25 22:20:10,62.4380,2026/09/25 13:49 UTC
2026/09/25 22:30:13,62.4370,2026/09/25 13:58 UTC
2026/09/25 22:40:22,62.4440,2026/09/25 14:08 UTC
2026/09/25 22:50:01,62.4410,2026/09/25 14:19 UTC
2026/09/25 23:00:05,62.4460,2026/09/25 14:29 UTC
2026/09/25 23:10:12,62.4360,2026/09/25 14:39 UTC
2026/09/25 23:20:16,62.4310,2026/09/25 14:49 UTC
2026/09/25 23:30:21,62.4480,2026/09/25 14:59 UTC
2026/09/25 23:40:27,62.4230,2026/09/25 15:09 UTC
2026/09/25 23:50:30,62.4230,2026/09/25 15:19 UTC
2026/09/26 00:00:05,62.4260,2026/09/25 15:27 UTC
2026/09/26 00:10:11,62.4290,2026/09/25 15:38 UTC
2026/09/26 00:20:14,62.4080,2026/09/25 15:49 UTC
2026/09/26 00:30:19,62.4190,2026/09/25 15:59 UTC
2026/09/26 00:40:24,62.3630,2026/09/25 16:09 UTC
2026/09/26 00:50:28,62.3860,2026/09/25 16:19 UTC
2026/09/26 01:00:01,62.3480,2026/09/25 16:29 UTC
2026/09/26 01:10:05,62.3610,2026/09/25 16:38 UTC
2026/09/26 01:20:11,62.3520,2026/09/25 16:49 UTC
2026/09/26 01:30:15,62.3610,2026/09/25 16:58 UTC
2026/09/26 01:40:19,62.3670,2026/09/25 17:04 UTC
2026/09/26 05:20:30,62.3950,2026/09/25 20:42 UTC
2026/09/28 06:10:27,62.3520,2026/09/27 21:34 UTC
2026/09/28 09:40:32,62.4330,2026/09/28 01:09 UTC
2026/09/28 09:50:05,62.4540,2026/09/28 01:19 UTC
2026/09/28 10:00:13,62.4670,2026/09/28 01:29 UTC
2026/09/28 10:10:20,62.4720,2026/09/28 01:38 UTC
2026/09/28 10:20:26,62.4760,2026/09/28 01:49 UTC
2026/09/28 10:30:32,62.4670,2026/09/28 01:58 UTC
2026/09/28 10:40:06,62.4350,2026/09/28 02:10 UTC
2026/09/28 10:50:16,62.4630,2026/09/28 02:19 UTC
2026/09/28 11:00:27,62.4460,2026/09/28 02:29 UTC
2026/09/28 11:10:02,62.4330,2026/09/28 02:39 UTC
2026/09/28 11:20:08,62.4520,2026/09/28 02:49 UTC
2026/09/28 11:30:17,62.4530,2026/09/28 02:58 UTC
2026/09/28 11:40:23,62.4500,2026/09/28 03:08 UTC
2026/09/28 11:50:28,62.4630,2026/09/28 03:19 UTC
2026/09/28 12:00:01,62.4600,2026/09/28 03:28 UTC
2026/09/28 12:10:14,62.4530,2026/09/28 03:40 UTC
2026/09/28 12:20:26,62.4540,2026/09/28 03:49 UTC
2026/09/28 12:30:29,62.4460,2026/09/28 03:59 UTC
2026/09/28 12:40:06,62.4410,2026/09/28 04:08 UTC
2026/09/28 12:50:11,62.4410,2026/09/28 04:19 UTC
2026/09/28 13:00:22,62.4050,2026/09/28 04:29 UTC
2026/09/28 13:10:29,62.4000,2026/09/28 04:38 UTC
2026/09/28 13:20:03,62.3970,2026/09/28 04:47 UTC
2026/09/28 13:30:09,62.3880,2026/09/28 04:58 UTC
2026/09/28 13:40:18,62.3930,2026/09/28 05:08 UTC
2026/09/28 13:50:22,62.4020,2026/09/28 05:19 UTC
2026/09/28 14:00:28,62.4040,2026/09/28 05:28 UTC
2026/09/28 14:10:03,62.4130,2026/09/28 05:39 UTC
2026/09/28 14:20:11,62.4390,2026/09/28 05:49 UTC
2026/09/28 14:30:16,62.4320,2026/09/28 05:59 UTC
2026/09/28 14:40:20,62.4320,2026/09/28 06:07 UTC
2026/09/28 14:50:25,62.4760,2026/09/28 06:19 UTC
2026/09/28 15:00:04,62.4910,2026/09/28 06:28 UTC
2026/09/28 15:10:09,62.4870,2026/09/28 06:38 UTC
2026/09/28 15:20:15,62.4610,2026/09/28 06:49 UTC
2026/09/28 15:30:22,62.4530,2026/09/28 06:59 UTC
2026/09/28 15:40:26,62.4520,2026/09/28 07:09 UTC
2026/09/28 15:50:05,62.4690,2026/09/28 07:19 UTC
2026/09/28 16:00:08,62.4680,2026/09/28 07:29 UTC
2026/09/28 16:10:14,62.4630,2026/09/28 07:38 UTC
2026/09/28 16:20:20,62.4660,2026/09/28 07:50 UTC
2026/09/28 16:30:29,62.5010,2026/09/28 07:58 UTC
2026/09/28 16:40:03,62.4850,2026/09/28 08:08 UTC
2026/09/28 16:50:10,62.4490,2026/09/28 08:19 UTC
2026/09/28 17:10:24,62.4400,2026/09/28 08:33 UTC
2026/09/28 17:40:08,62.4290,2026/09/28 09:08 UTC
2026/09/28 17:50:16,62.4790,2026/09/28 09:19 UTC
2026/09/28 18:00:22,62.4800,2026/09/28 09:28 UTC
2026/09/28 18:10:28,62.4610,2026/09/28 09:38 UTC
2026/09/28 18:20:32,62.4570,2026/09/28 09:49 UTC
2026/09/28 18:30:06,62.4690,2026/09/28 09:59 UTC
2026/09/28 18:40:13,62.5010,2026/09/28 10:09 UTC
2026/09/28 18:50:21,62.5000,2026/09/28 10:19 UTC
2026/09/28 19:00:26,62.4950,2026/09/28 10:30 UTC
2026/09/28 19:10:30,62.4820,2026/09/28 10:38 UTC
2026/09/28 19:20:09,62.4830,2026/09/28 10:49 UTC
2026/09/28 19:30:14,62.4760,2026/09/28 10:58 UTC
2026/09/28 19:40:18,62.4550,2026/09/28 11:08 UTC
2026/09/28 19:50:27,62.4480,2026/09/28 11:19 UTC
2026/09/28 20:00:03,62.4540,2026/09/28 11:29 UTC
2026/09/28 20:10:10,62.4570,2026/09/28 11:38 UTC
2026/09/28 20:20:15,62.4330,2026/09/28 11:49 UTC
2026/09/28 20:30:21,62.4670,2026/09/28 11:59 UTC
2026/09/28 20:40:30,62.4450,2026/09/28 12:08 UTC
2026/09/28 20:50:02,62.4450,2026/09/28 12:19 UTC
2026/09/28 21:00:10,62.4050,2026/09/28 12:28 UTC
2026/09/28 21:10:17,62.4030,2026/09/28 12:38 UTC
2026/09/28 21:20:20,62.4050,2026/09/28 12:49 UTC
2026/09/28 21:30:29,62.3990,2026/09/28 12:59 UTC
2026/09/28 21:40:03,62.4140,2026/09/28 13:09 UTC
2026/09/28 21:50:07,62.3940,2026/09/28 13:19 UTC
2026/09/28 22:00:14,62.4070,2026/09/28 13:29 UTC
2026/09/28 22:10:21,62.3920,2026/09/28 13:38 UTC
2026/09/28 22:20:27,62.3960,2026/09/28 13:49 UTC
2026/09/28 22:30:02,62.3990,2026/09/28 13:58 UTC
2026/09/28 22:40:06,62.3990,2026/09/28 14:08 UTC
2026/09/28 22:50:19,62.3940,2026/09/28 14:19 UTC
2026/09/28 23:00:23,62.3950,2026/09/28 14:29 UTC
2026/09/28 23:10:31,62.4000,2026/09/28 14:39 UTC
2026/09/28 23:20:04,62.4020,2026/09/28 14:49 UTC
2026/09/28 23:30:12,62.4700,2026/09/28 14:59 UTC
2026/09/28 23:40:19,62.4690,2026/09/28 15:08 UTC
2026/09/28 23:50:24,62.4610,2026/09/28 15:19 UTC
2026/09/29 00:00:28,62.4620,2026/09/28 15:28 UTC
2026/09/29 00:10:06,62.4630,2026/09/28 15:38 UTC
2026/09/29 00:20:12,62.4670,2026/09/28 15:49 UTC
2026/09/29 00:30:15,62.4710,2026/09/28 15:59 UTC
2026/09/29 00:40:21,62.4790,2026/09/28 16:09 UTC
2026/09/29 00:50:27,62.4710,2026/09/28 16:19 UTC
2026/09/29 01:00:02,62.4440,2026/09/28 16:29 UTC
2026/09/29 01:10:07,62.4510,2026/09/28 16:38 UTC
2026/09/29 01:20:11,62.4270,2026/09/28 16:49 UTC
2026/09/29 01:30:16,62.4250,2026/09/28 16:58 UTC
2026/09/29 01:40:26,62.4580,2026/09/28 17:04 UTC
2026/09/29 01:50:30,62.4580,2026/09/28 17:17 UTC
2026/09/29 02:00:05,62.4430,2026/09/28 17:21 UTC
2026/09/29 07:10:18,62.4500,2026/09/28 22:37 UTC
2026/09/29 08:40:28,62.4330,2026/09/29 00:08 UTC
2026/09/29 08:50:04,62.4280,2026/09/29 00:13 UTC
2026/09/29 09:40:17,62.3790,2026/09/29 01:09 UTC
2026/09/29 09:50:29,62.3510,2026/09/29 01:19 UTC
2026/09/29 10:00:06,62.3630,2026/09/29 01:29 UTC
2026/09/29 10:10:18,62.3700,2026/09/29 01:38 UTC
2026/09/29 10:20:26,62.3700,2026/09/29 01:49 UTC
2026/09/29 10:30:01,62.3470,2026/09/29 01:58 UTC
2026/09/29 10:40:06,62.3650,2026/09/29 02:08 UTC
2026/09/29 10:50:18,62.3780,2026/09/29 02:19 UTC
2026/09/29 11:00:25,62.3830,2026/09/29 02:29 UTC
2026/09/29 11:10:29,62.3850,2026/09/29 02:39 UTC
2026/09/29 11:20:05,62.3660,2026/09/29 02:49 UTC
2026/09/29 11:30:17,62.3930,2026/09/29 02:59 UTC
2026/09/29 11:40:23,62.4210,2026/09/29 03:08 UTC
2026/09/29 11:50:29,62.4200,2026/09/29 03:19 UTC
2026/09/29 12:00:16,62.3980,2026/09/29 03:28 UTC
2026/09/29 12:20:05,62.3970,2026/09/29 03:49 UTC
2026/09/29 12:30:06,62.4120,2026/09/29 03:57 UTC
2026/09/29 12:40:11,62.4240,2026/09/29 04:08 UTC
2026/09/29 12:50:14,62.4270,2026/09/29 04:17 UTC
2026/09/29 13:00:19,62.4340,2026/09/29 04:29 UTC
2026/09/29 13:10:24,62.4350,2026/09/29 04:38 UTC
2026/09/29 13:20:27,62.4450,2026/09/29 04:48 UTC
2026/09/29 13:30:00,62.4460,2026/09/29 04:58 UTC
2026/09/29 13:40:04,62.4800,2026/09/29 05:08 UTC
2026/09/29 13:50:08,62.4800,2026/09/29 05:16 UTC
2026/09/29 14:00:15,62.4740,2026/09/29 05:27 UTC
2026/09/29 14:10:20,62.4750,2026/09/29 05:36 UTC
2026/09/29 14:20:27,62.4500,2026/09/29 05:49 UTC
2026/09/29 14:30:00,62.4420,2026/09/29 05:58 UTC
2026/09/29 14:40:04,62.4400,2026/09/29 06:08 UTC
2026/09/29 14:50:11,62.4670,2026/09/29 06:19 UTC
2026/09/29 15:00:16,62.4860,2026/09/29 06:28 UTC
2026/09/29 15:10:21,62.5050,2026/09/29 06:38 UTC
2026/09/29 15:20:25,62.5100,2026/09/29 06:49 UTC
2026/09/29 15:30:29,62.5150,2026/09/29 06:59 UTC
2026/09/29 15:40:02,62.5470,2026/09/29 07:09 UTC
2026/09/29 15:50:09,62.5670,2026/09/29 07:19 UTC
2026/09/29 16:00:13,62.5660,2026/09/29 07:28 UTC
2026/09/29 16:10:19,62.5420,2026/09/29 07:38 UTC
2026/09/29 16:20:24,62.5390,2026/09/29 07:49 UTC
2026/09/29 16:30:30,62.5320,2026/09/29 07:57 UTC
2026/09/29 16:40:05,62.5160,2026/09/29 08:04 UTC
2026/09/29 16:50:11,62.4980,2026/09/29 08:19 UTC
2026/09/29 17:00:16,62.4960,2026/09/29 08:21 UTC
2026/09/29 17:40:06,62.4960,2026/09/29 09:08 UTC
2026/09/29 17:50:10,62.5030,2026/09/29 09:19 UTC
2026/09/29 18:00:19,62.4860,2026/09/29 09:28 UTC
2026/09/29 18:10:22,62.5180,2026/09/29 09:38 UTC
2026/09/29 18:20:27,62.5170,2026/09/29 09:49 UTC
2026/09/29 18:30:31,62.5120,2026/09/29 09:59 UTC
2026/09/29 18:40:02,62.5050,2026/09/29 10:09 UTC
2026/09/29 18:50:10,62.5040,2026/09/29 10:19 UTC
2026/09/29 19:00:13,62.5040,2026/09/29 10:29 UTC
2026/09/29 19:10:17,62.4770,2026/09/29 10:38 UTC
2026/09/29 19:20:22,62.4810,2026/09/29 10:49 UTC
2026/09/29 19:30:25,62.5010,2026/09/29 10:58 UTC
2026/09/29 19:40:01,62.4960,2026/09/29 11:08 UTC
2026/09/29 19:50:06,62.4740,2026/09/29 11:19 UTC
2026/09/29 20:00:11,62.4900,2026/09/29 11:29 UTC
2026/09/29 20:10:17,62.5040,2026/09/29 11:39 UTC
2026/09/29 20:20:22,62.5070,2026/09/29 11:45 UTC
2026/09/29 20:30:25,62.5060,2026/09/29 11:59 UTC
2026/09/29 20:40:31,62.4900,2026/09/29 12:08 UTC
2026/09/29 20:50:03,62.4810,2026/09/29 12:19 UTC
2026/09/29 21:00:09,62.4910,2026/09/29 12:28 UTC
2026/09/29 21:10:16,62.4810,2026/09/29 12:38 UTC
2026/09/29 21:20:18,62.4770,2026/09/29 12:49 UTC
2026/09/29 21:30:24,62.4810,2026/09/29 12:59 UTC
2026/09/29 21:40:29,62.4800,2026/09/29 13:09 UTC
2026/09/29 21:50:33,62.4870,2026/09/29 13:19 UTC
2026/09/29 22:00:09,62.4680,2026/09/29 13:29 UTC
2026/09/29 22:10:12,62.5190,2026/09/29 13:38 UTC
2026/09/29 22:20:16,62.5190,2026/09/29 13:49 UTC
2026/09/29 22:30:21,62.5000,2026/09/29 13:58 UTC
2026/09/29 22:40:24,62.4980,2026/09/29 14:08 UTC
2026/09/29 22:50:30,62.5060,2026/09/29 14:19 UTC
2026/09/29 23:00:02,62.5270,2026/09/29 14:29 UTC
2026/09/29 23:10:07,62.5370,2026/09/29 14:39 UTC
2026/09/29 23:20:15,62.5540,2026/09/29 14:49 UTC
2026/09/29 23:30:19,62.5550,2026/09/29 14:59 UTC
2026/09/29 23:40:23,62.5780,2026/09/29 15:08 UTC
2026/09/29 23:50:31,62.6090,2026/09/29 15:19 UTC
2026/09/30 00:00:02,62.5880,2026/09/29 15:28 UTC
2026/09/30 00:10:08,62.5550,2026/09/29 15:38 UTC
2026/09/30 00:20:11,62.5850,2026/09/29 15:49 UTC
2026/09/30 00:30:15,62.5910,2026/09/29 15:59 UTC
2026/09/30 00:40:19,62.5720,2026/09/29 16:09 UTC
2026/09/30 00:50:21,62.5730,2026/09/29 16:19 UTC
2026/09/30 01:00:26,62.5730,2026/09/29 16:29 UTC
2026/09/30 01:10:31,62.5640,2026/09/29 16:38 UTC
2026/09/30 01:20:02,62.5810,2026/09/29 16:49 UTC
2026/09/30 01:30:05,62.5780,2026/09/29 16:58 UTC
2026/09/30 01:40:09,62.5640,2026/09/29 17:02 UTC
2026/09/30 01:50:12,62.5640,2026/09/29 17:11 UTC
2026/09/30 02:00:16,62.5660,2026/09/29 17:20 UTC
2026/09/30 02:40:31,62.5270,2026/09/29 18:04 UTC
2026/09/30 02:50:05,62.5280,2026/09/29 18:18 UTC
2026/09/30 03:00:08,62.5280,2026/09/29 18:20 UTC
2026/09/30 03:10:12,62.5300,2026/09/29 18:38 UTC
2026/09/30 03:20:17,62.5220,2026/09/29 18:47 UTC
2026/09/30 03:30:21,62.5230,2026/09/29 18:53 UTC
2026/09/30 04:20:11,62.4500,2026/09/29 19:42 UTC
2026/09/30 05:40:17,62.5320,2026/09/29 21:08 UTC
2026/09/30 07:50:11,62.5160,2026/09/29 23:14 UTC
2026/09/30 08:50:04,62.4800,2026/09/30 00:19 UTC
2026/09/30 09:00:14,62.4910,2026/09/30 00:28 UTC
2026/09/30 09:10:18,62.4870,2026/09/30 00:38 UTC
2026/09/30 09:20:20,62.4820,2026/09/30 00:46 UTC
2026/09/30 09:30:25,62.4620,2026/09/30 00:59 UTC
2026/09/30 09:40:30,62.5530,2026/09/30 01:09 UTC
2026/09/30 09:50:01,62.5410,2026/09/30 01:19 UTC
2026/09/30 10:00:07,62.5240,2026/09/30 01:29 UTC
2026/09/30 10:10:13,62.5550,2026/09/30 01:38 UTC
2026/09/30 10:20:21,62.5800,2026/09/30 01:49 UTC
2026/09/30 10:30:26,62.5860,2026/09/30 02:00 UTC
2026/09/30 10:40:30,62.5710,2026/09/30 02:08 UTC
2026/09/30 10:50:03,62.5700,2026/09/30 02:19 UTC
2026/09/30 11:00:08,62.5360,2026/09/30 02:29 UTC
2026/09/30 11:10:12,62.5320,2026/09/30 02:39 UTC
2026/09/30 11:20:17,62.5330,2026/09/30 02:49 UTC
2026/09/30 11:30:21,62.5270,2026/09/30 02:59 UTC
2026/09/30 11:40:24,62.5290,2026/09/30 03:07 UTC
2026/09/30 11:50:29,62.5430,2026/09/30 03:19 UTC
2026/09/30 12:00:00,62.5400,2026/09/30 03:28 UTC
2026/09/30 12:10:06,62.5300,2026/09/30 03:38 UTC
2026/09/30 12:20:13,62.5640,2026/09/30 03:49 UTC
2026/09/30 12:30:21,62.5800,2026/09/30 03:58 UTC
2026/09/30 12:40:27,62.5890,2026/09/30 04:09 UTC
2026/09/30 12:50:01,62.5800,2026/09/30 04:16 UTC
2026/09/30 13:00:04,62.5700,2026/09/30 04:28 UTC
2026/09/30 13:10:09,62.5690,2026/09/30 04:38 UTC
2026/09/30 13:20:14,62.5540,2026/09/30 04:48 UTC
2026/09/30 13:40:29,62.5520,2026/09/30 05:00 UTC
