date,currency,quote_time,rate
2026-09-18,cny,2026-09-18 09:20,6.7521
2026-09-18,twd,2026-09-18 16:07:04,31.808
2026-09-21,cny,2026-09-21 09:27,6.7487
2026-09-21,twd,2026-09-21 16:05,31.758
2026-09-22,cny,2026-09-22 09:22,6.7459
2026-09-22,twd,2026-09-22 16:14,31.708
2026-09-23,cny,2026-09-23 09:21,6.7468
2026-09-23,twd,2026-09-23 16:07,31.716
2026-09-24,cny,2026-09-24 09:18,6.7489
2026-09-24,twd,2026-09-24 16:09,31.78
2026-09-28,cny,2026-09-28 09:21,6.7399
2026-09-29,cny,2026-09-29 09:26,6.7411
2026-09-29,twd,2026-09-29 16:05,31.876
2026-09-30,cny,2026-09-30 09:19,6.7351
2026-09-30,twd,2026-09-30 16:05,31.852
2026-10-01,twd,2026-10-01 16:05,31.842
2026-10-02,twd,2026-10-02 16:05,31.83
2026-10-05,twd,2026-10-05 16:05,31.788
2026-10-06,twd,2026-10-06 16:07,31.781
2026-10-07,twd,2026-10-07 16:03,31.795
2026-10-08,cny,2026-10-08 09:25,6.7367
2026-10-08,twd,2026-10-08 16:08,31.875
2026-10-09,cny,2026-10-09 09:24,6.733
